Workbook

Sheet List of HBM Equipment
A2: LOADCELLS | G2: Booked Out
A3: Type | B3: Asset Number | C3: Serial Number | D3: Range | E3: Cost-Point used with Purchase | F3: Remarks | G3: Name | H3: Student Number | I3: Date Taken
A4: Round Type-U2A | B4: '400064'!A1 | C4: B73498 | D4: 10kN - 1000kg | E4: 0280 | G4: {=OFFSET('400064'!F$1, MAX(ROW('400064'!F:F)*('400064'!F:F<>"")-1),0)} -> E Stockhalm | H4: {=OFFSET('400064'!G$1, MAX(ROW('400064'!G:G)*('400064'!G:G<>"")-1),0)} -> 23648341 | I4: {=OFFSET('400064'!H$1, MAX(ROW('400064'!H:H)*('400064'!H:H<>"")-1),0)} -> 18/08/2025 | J4: {=OFFSET('400064'!I$1, MAX(ROW('400064'!I:I)*('400064'!I:I<>"")-1),0)} -> RETURNED
A5: Round Type-U2A | B5: '400065'!A1 | C5: C16754 | D5: 10kN - 1000kg | E5: 0280 | G5: {=OFFSET('400065'!F$1, MAX(ROW('400065'!F:F)*('400065'!F:F<>"")-1),0)} -> A. Turner | H5: {=OFFSET('400065'!G$1, MAX(ROW('400065'!G:G)*('400065'!G:G<>"")-1),0)} -> 25928333 | I5: {=OFFSET('400065'!H$1, MAX(ROW('400065'!H:H)*('400065'!H:H<>"")-1),0)} -> 45938 | J5: {=OFFSET('400065'!I$1, MAX(ROW('400065'!I:I)*('400065'!I:I<>"")-1),0)} -> RETURNED
A6: Round Type-U2A | B6: '400067'!A1 | C6: F23715 | D6: 10kN - 1000kg | E6: 0280 | G6: {=OFFSET('400067'!F$1, MAX(ROW('400067'!F:F)*('400067'!F:F<>"")-1),0)} -> M. Nimb | H6: {=OFFSET('400067'!G$1, MAX(ROW('400067'!G:G)*('400067'!G:G<>"")-1),0)} -> 24776661 | I6: {=OFFSET('400067'!H$1, MAX(ROW('400067'!H:H)*('400067'!H:H<>"")-1),0)} -> 45938 | J6: {=OFFSET('400067'!I$1, MAX(ROW('400067'!I:I)*('400067'!I:I<>"")-1),0)} -> RETURNED
A7: Round Type-U2A | B7: '400066'!A1 | C7: E99828 | D7: 2kN - 200kg | E7: 0280 | F7: Broken | G7: {=OFFSET('400066'!F$1, MAX(ROW('400066'!F:F)*('400066'!F:F<>"")-1),0)} -> M. Nimb | H7: {=OFFSET('400066'!G$1, MAX(ROW('400066'!G:G)*('400066'!G:G<>"")-1),0)} -> 24776661 | I7: {=OFFSET('400066'!H$1, MAX(ROW('400066'!H:H)*('400066'!H:H<>"")-1),0)} -> 26/08/2025 | J7: {=OFFSET('400066'!I$1, MAX(ROW('400066'!I:I)*('400066'!I:I<>"")-1),0)} -> RETURNED
A8: Round Type | B8: '408763'!A1 | C8: 088671 | D8: 500N - 50kg | E8: 0280N | G8: {=OFFSET('408763'!F$1, MAX(ROW('408763'!F:F)*('408763'!F:F<>"")-1),0)} -> James Ralph | H8: {=OFFSET('408763'!G$1, MAX(ROW('408763'!G:G)*('408763'!G:G<>"")-1),0)} -> 19904150 | I8: {=OFFSET('408763'!H$1, MAX(ROW('408763'!H:H)*('408763'!H:H<>"")-1),0)} -> 45080 | J8: {=OFFSET('408763'!I$1, MAX(ROW('408763'!I:I)*('408763'!I:I<>"")-1),0)} -> RETURNED
A9: Round Type | B9: '408764'!A1 | C9: 083931 | D9: 1kN - 100kg | E9: 0280N | G9: {=OFFSET('408764'!F$1, MAX(ROW('408764'!F:F)*('408764'!F:F<>"")-1),0)} -> Name | H9: {=OFFSET('408764'!G$1, MAX(ROW('408764'!G:G)*('408764'!G:G<>"")-1),0)} -> Student Number | I9: {=OFFSET('408764'!H$1, MAX(ROW('408764'!H:H)*('408764'!H:H<>"")-1),0)} -> Date Taken | J9: {=OFFSET('408764'!I$1, MAX(ROW('408764'!I:I)*('408764'!I:I<>"")-1),0)} -> Date Returned
A10: U2AD1/2T - Round Type | B10: '485376'!A1 | C10: 026925 | D10: 20kN - 2000kg | G10: {=OFFSET('485376'!F$1, MAX(ROW('485376'!F:F)*('485376'!F:F<>"")-1),0)} -> JW Van Santen | H10: {=OFFSET('485376'!G$1, MAX(ROW('485376'!G:G)*('485376'!G:G<>"")-1),0)} -> 18326498 | I10: {=OFFSET('485376'!H$1, MAX(ROW('485376'!H:H)*('485376'!H:H<>"")-1),0)} -> 20/07/2020 | J10: {=OFFSET('485376'!I$1, MAX(ROW('485376'!I:I)*('485376'!I:I<>"")-1),0)} -> RETURNED
A11: U2AD1/2T - Round Type | B11: '485377'!A1 | C11: 028563 | D11: 20kN - 2000kg | G11: {=OFFSET('485377'!F$1, MAX(ROW('485377'!F:F)*('485377'!F:F<>"")-1),0)} -> JW Van Santen | H11: {=OFFSET('485377'!G$1, MAX(ROW('485377'!G:G)*('485377'!G:G<>"")-1),0)} -> 18326498 | I11: {=OFFSET('485377'!H$1, MAX(ROW('485377'!H:H)*('485377'!H:H<>"")-1),0)} -> 20/07/2020 | J11: {=OFFSET('485377'!I$1, MAX(ROW('485377'!I:I)*('485377'!I:I<>"")-1),0)} -> RETURNED
A13: Z-Type SM2 | B13: '443733'!A1 | C13: 02718726 | D13: 50N - 5kg | E13: 0280N | G13: {=OFFSET('443733'!F$1, MAX(ROW('443733'!F:F)*('443733'!F:F<>"")-1),0)} -> AV Covoy | H13: {=OFFSET('443733'!G$1, MAX(ROW('443733'!G:G)*('443733'!G:G<>"")-1),0)} -> 19774869 | I13: {=OFFSET('443733'!H$1, MAX(ROW('443733'!H:H)*('443733'!H:H<>"")-1),0)} -> 44540 | J13: {=OFFSET('443733'!I$1, MAX(ROW('443733'!I:I)*('443733'!I:I<>"")-1),0)} -> RETURNED
A14: Z-Type SM2 | B14: '443734'!A1 | C14: 02718733 | D14: 50N - 5kg | E14: 0280N | G14: {=OFFSET('443734'!F$1, MAX(ROW('443734'!F:F)*('443734'!F:F<>"")-1),0)} -> Steenkamp | H14: {=OFFSET('443734'!G$1, MAX(ROW('443734'!G:G)*('443734'!G:G<>"")-1),0)} -> 19777701 | I14: {=OFFSET('443734'!H$1, MAX(ROW('443734'!H:H)*('443734'!H:H<>"")-1),0)} -> 44443 | J14: {=OFFSET('443734'!I$1, MAX(ROW('443734'!I:I)*('443734'!I:I<>"")-1),0)} -> 18/05/2021
A15: Z-Type SM2 | B15: '443735'!A1 | C15: 02718686 | D15: 50N - 5kg | E15: 0280N | G15: {=OFFSET('443735'!F$1, MAX(ROW('443735'!F:F)*('443735'!F:F<>"")-1),0)} -> L De Wet | H15: {=OFFSET('443735'!G$1, MAX(ROW('443735'!G:G)*('443735'!G:G<>"")-1),0)} -> 23743468 | I15: {=OFFSET('443735'!H$1, MAX(ROW('443735'!H:H)*('443735'!H:H<>"")-1),0)} -> 44812 | J15: {=OFFSET('443735'!I$1, MAX(ROW('443735'!I:I)*('443735'!I:I<>"")-1),0)} -> RETURNED
A16: Z-Type SM2 | B16: '443736'!A1 | C16: 02918009 | D16: 50N - 5kg | E16: 0280N | G16: {=OFFSET('443736'!F$1, MAX(ROW('443736'!F:F)*('443736'!F:F<>"")-1),0)} -> L De Wet | H16: {=OFFSET('443736'!G$1, MAX(ROW('443736'!G:G)*('443736'!G:G<>"")-1),0)} -> 23743468 | I16: {=OFFSET('443736'!H$1, MAX(ROW('443736'!H:H)*('443736'!H:H<>"")-1),0)} -> 21/08/2023 | J16: {=OFFSET('443736'!I$1, MAX(ROW('443736'!I:I)*('443736'!I:I<>"")-1),0)} -> RETURNED
A17: Z-Type SM2 | B17: '443610'!A1 | C17: 02918017 | D17: 50N - 5kg | E17: 0284N | G17: {=OFFSET('443610'!F$1, MAX(ROW('443610'!F:F)*('443610'!F:F<>"")-1),0)} -> G Stephan | H17: {=OFFSET('443610'!G$1, MAX(ROW('443610'!G:G)*('443610'!G:G<>"")-1),0)} -> 20150679 | I17: {=OFFSET('443610'!H$1, MAX(ROW('443610'!H:H)*('443610'!H:H<>"")-1),0)} -> 15/09/2020 | J17: {=OFFSET('443610'!I$1, MAX(ROW('443610'!I:I)*('443610'!I:I<>"")-1),0)} -> 29/01/2021
A19: Z-Type SM2 | B19: '443737'!A1 | C19: 02549146 | D19: 100N - 10kg | E19: 0280N | F19: Broken | G19: {=OFFSET('443737'!F$1, MAX(ROW('443737'!F:F)*('443737'!F:F<>"")-1),0)} -> Name | H19: {=OFFSET('443737'!G$1, MAX(ROW('443737'!G:G)*('443737'!G:G<>"")-1),0)} -> Student Number | I19: {=OFFSET('443737'!H$1, MAX(ROW('443737'!H:H)*('443737'!H:H<>"")-1),0)} -> Date Taken | J19: {=OFFSET('443737'!I$1, MAX(ROW('443737'!I:I)*('443737'!I:I<>"")-1),0)} -> Date Returned
A20: Z-Type SM2 | B20: '443738'!A1 | C20: 02718704 | D20: 100N - 10kg | E20: 0280N | G20: {=OFFSET('443738'!F$1, MAX(ROW('443738'!F:F)*('443738'!F:F<>"")-1),0)} -> Name | H20: {=OFFSET('443738'!G$1, MAX(ROW('443738'!G:G)*('443738'!G:G<>"")-1),0)} -> Student Number | I20: {=OFFSET('443738'!H$1, MAX(ROW('443738'!H:H)*('443738'!H:H<>"")-1),0)} -> Date Taken | J20: {=OFFSET('443738'!I$1, MAX(ROW('443738'!I:I)*('443738'!I:I<>"")-1),0)} -> Date Returned
A21: Z-Type SM2 | B21: '443739'!A1 | C21: 02718813 | D21: 100N - 10kg | E21: 0280N | G21: {=OFFSET('443739'!F$1, MAX(ROW('443739'!F:F)*('443739'!F:F<>"")-1),0)} -> E Stockhalm | H21: {=OFFSET('443739'!G$1, MAX(ROW('443739'!G:G)*('443739'!G:G<>"")-1),0)} -> 23648341 | I21: {=OFFSET('443739'!H$1, MAX(ROW('443739'!H:H)*('443739'!H:H<>"")-1),0)} -> 20/08/2025 | J21: {=OFFSET('443739'!I$1, MAX(ROW('443739'!I:I)*('443739'!I:I<>"")-1),0)} -> OUTSTANDING
A22: Z-Type SM2 | B22: '443740'!A1 | C22: 02718808 | D22: 100N - 10kg | E22: 0280N | G22: {=OFFSET('443740'!F$1, MAX(ROW('443740'!F:F)*('443740'!F:F<>"")-1),0)} -> J Van Zyl | H22: {=OFFSET('443740'!G$1, MAX(ROW('443740'!G:G)*('443740'!G:G<>"")-1),0)} -> 20858795 | I22: {=OFFSET('443740'!H$1, MAX(ROW('443740'!H:H)*('443740'!H:H<>"")-1),0)} -> 18/08/2022 | J22: {=OFFSET('443740'!I$1, MAX(ROW('443740'!I:I)*('443740'!I:I<>"")-1),0)} -> 26/04/2023
A24: Z-Type SM2 | B24: '443741'!A1 | C24: 02917885 | D24: 200N - 20kg | E24: 0280N | F24: Broken | G24: {=OFFSET('443741'!F$1, MAX(ROW('443741'!F:F)*('443741'!F:F<>"")-1),0)} -> Name | H24: {=OFFSET('443741'!G$1, MAX(ROW('443741'!G:G)*('443741'!G:G<>"")-1),0)} -> Student Number | I24: {=OFFSET('443741'!H$1, MAX(ROW('443741'!H:H)*('443741'!H:H<>"")-1),0)} -> Date Taken | J24: {=OFFSET('443741'!I$1, MAX(ROW('443741'!I:I)*('443741'!I:I<>"")-1),0)} -> Date Returned
A25: Z-Type SM2 | B25: '443742'!A1 | C25: 02917886 | D25: 200N - 20kg | E25: 0280N | F25: Broken | G25: {=OFFSET('443742'!F$1, MAX(ROW('443742'!F:F)*('443742'!F:F<>"")-1),0)} -> CR Sauls | H25: {=OFFSET('443742'!G$1, MAX(ROW('443742'!G:G)*('443742'!G:G<>"")-1),0)} -> 20778465 | I25: {=OFFSET('443742'!H$1, MAX(ROW('443742'!H:H)*('443742'!H:H<>"")-1),0)} -> 14/10/2021 | J25: RETURNED
A26: Z-Type SM2 | B26: '443743'!A1 | C26: 02917896 | D26: 200N - 20kg | E26: 0280N | F26: Broken | G26: {=OFFSET('443743'!F$1, MAX(ROW('443743'!F:F)*('443743'!F:F<>"")-1),0)} -> Name | H26: {=OFFSET('443743'!G$1, MAX(ROW('443743'!G:G)*('443743'!G:G<>"")-1),0)} -> Student Number | I26: {=OFFSET('443743'!H$1, MAX(ROW('443743'!H:H)*('443743'!H:H<>"")-1),0)} -> Date Taken | J26: {=OFFSET('443743'!I$1, MAX(ROW('443743'!I:I)*('443743'!I:I<>"")-1),0)} -> Date Returned
A27: Z-Type SM2 | B27: '443744'!A1 | C27: 02917906 | D27: 200N - 20kg | E27: 0280N | G27: {=OFFSET('443744'!F$1, MAX(ROW('443744'!F:F)*('443744'!F:F<>"")-1),0)} -> Josua Van Tonder | H27: {=OFFSET('443744'!G$1, MAX(ROW('443744'!G:G)*('443744'!G:G<>"")-1),0)} -> 21059721 | I27: {=OFFSET('443744'!H$1, MAX(ROW('443744'!H:H)*('443744'!H:H<>"")-1),0)} -> 16/09/2022 | J27: {=OFFSET('443744'!I$1, MAX(ROW('443744'!I:I)*('443744'!I:I<>"")-1),0)} -> 45055
G28: Petrus Haasbroek | H28: 19855400 | I28: 44603 | J28: {=OFFSET('443744'!I$1, MAX(ROW('443744'!I:I)*('443744'!I:I<>"")-1),0)} -> 45055
A29: Z-Type SM2 | B29: '443745'!A1 | C29: 31050691 | D29: 1kN - 100kg | E29: 0280N | G29: {=OFFSET('443745'!F$1, MAX(ROW('443745'!F:F)*('443745'!F:F<>"")-1),0)} -> Nadeem Davids | H29: {=OFFSET('443745'!G$1, MAX(ROW('443745'!G:G)*('443745'!G:G<>"")-1),0)} -> 21160503 | I29: {=OFFSET('443745'!H$1, MAX(ROW('443745'!H:H)*('443745'!H:H<>"")-1),0)} -> 45149 | J29: {=OFFSET('443745'!I$1, MAX(ROW('443745'!I:I)*('443745'!I:I<>"")-1),0)} -> 14/08/2023
A30: Z-Type SM2 | B30: '443748'!A1 | C30: 31137976 | D30: 1kN - 100kg | E30: 0280N | F30: Broken | G30: {=OFFSET('443748'!F$1, MAX(ROW('443748'!F:F)*('443748'!F:F<>"")-1),0)} -> Name | H30: {=OFFSET('443748'!G$1, MAX(ROW('443748'!G:G)*('443748'!G:G<>"")-1),0)} -> Student Number | I30: {=OFFSET('443748'!H$1, MAX(ROW('443748'!H:H)*('443748'!H:H<>"")-1),0)} -> Date Taken | J30: {=OFFSET('443748'!I$1, MAX(ROW('443748'!I:I)*('443748'!I:I<>"")-1),0)} -> Date Returned
A32: Z-Type SM2 | B32: '443746'!A1 | C32: 31127524 | D32: 5kN - 500kg | E32: 0280N | G32: {=OFFSET('443746'!F$1, MAX(ROW('443746'!F:F)*('443746'!F:F<>"")-1),0)} -> PC Swanepoel | H32: {=OFFSET('443746'!G$1, MAX(ROW('443746'!G:G)*('443746'!G:G<>"")-1),0)} -> 16622766 | I32: {=OFFSET('443746'!H$1, MAX(ROW('443746'!H:H)*('443746'!H:H<>"")-1),0)} -> 45758 | J32: {=OFFSET('443746'!I$1, MAX(ROW('443746'!I:I)*('443746'!I:I<>"")-1),0)} -> RETURNED
A33: Z-Type SM2 | B33: '443747'!A1 | C33: 31127531 | D33: 5kN - 500kg | E33: 0280N | F33: Broken | G33: {=OFFSET('443747'!F$1, MAX(ROW('443747'!F:F)*('443747'!F:F<>"")-1),0)} -> PC SWanepoel | H33: {=OFFSET('443747'!G$1, MAX(ROW('443747'!G:G)*('443747'!G:G<>"")-1),0)} -> 16622766 | I33: {=OFFSET('443747'!H$1, MAX(ROW('443747'!H:H)*('443747'!H:H<>"")-1),0)} -> 45756 | J33: {=OFFSET('443747'!I$1, MAX(ROW('443747'!I:I)*('443747'!I:I<>"")-1),0)} -> RETURNED
A35: U2B 200kN | B35: '459962'!A1 | C35: N79647 | D35: 200kN | E35: 0280N | G35: {=OFFSET('459962'!F$1, MAX(ROW('459962'!F:F)*('459962'!F:F<>"")-1),0)} -> JW van Santen | H35: {=OFFSET('459962'!G$1, MAX(ROW('459962'!G:G)*('459962'!G:G<>"")-1),0)} -> 18326498 | I35: {=OFFSET('459962'!H$1, MAX(ROW('459962'!H:H)*('459962'!H:H<>"")-1),0)} -> 43787 | J35: {=OFFSET('459962'!I$1, MAX(ROW('459962'!I:I)*('459962'!I:I<>"")-1),0)} -> RETURNED
A36: U2B 100kN | B36: '459961'!A1 | C36: N87983 | D36: 100kN | E36: 0280N | G36: {=OFFSET('459961'!F$1, MAX(ROW('459961'!F:F)*('459961'!F:F<>"")-1),0)} -> JW van Santen | H36: {=OFFSET('459961'!G$1, MAX(ROW('459961'!G:G)*('459961'!G:G<>"")-1),0)} -> 18326498 | I36: {=OFFSET('459961'!H$1, MAX(ROW('459961'!H:H)*('459961'!H:H<>"")-1),0)} -> 43787 | J36: {=OFFSET('459961'!I$1, MAX(ROW('459961'!I:I)*('459961'!I:I<>"")-1),0)} -> RETURNED
A37: U2B 50kN | B37: '459960'!A1 | C37: N99085 | D37: 50kN | E37: 0280N | G37: {=OFFSET('459960'!F$1, MAX(ROW('459960'!F:F)*('459960'!F:F<>"")-1),0)} -> Daniel Raats | H37: {=OFFSET('459960'!G$1, MAX(ROW('459960'!G:G)*('459960'!G:G<>"")-1),0)} -> 21645655 | I37: {=OFFSET('459960'!H$1, MAX(ROW('459960'!H:H)*('459960'!H:H<>"")-1),0)} -> 45415 | J37: {=OFFSET('459960'!I$1, MAX(ROW('459960'!I:I)*('459960'!I:I<>"")-1),0)} -> RETURNED
A38: U2B 20kN | B38: '459959'!A1 | C38: N93342 | D38: 20kN | E38: 0280N | G38: {=OFFSET('459959'!F$1, MAX(ROW('459959'!F:F)*('459959'!F:F<>"")-1),0)} -> R Louw | H38: {=OFFSET('459959'!G$1, MAX(ROW('459959'!G:G)*('459959'!G:G<>"")-1),0)} -> 22550798 | I38: {=OFFSET('459959'!H$1, MAX(ROW('459959'!H:H)*('459959'!H:H<>"")-1),0)} -> 14/09/2022 | J38: {=OFFSET('459959'!I$1, MAX(ROW('459959'!I:I)*('459959'!I:I<>"")-1),0)} -> RETURNED
A40: S9M/10kN | B40: '487810'!A1 | C40: 31733148 | D40: 10kN - 1000kg | G40: {=OFFSET('487810'!F$1, MAX(ROW('487810'!F:F)*('487810'!F:F<>"")-1),0)} -> C vd Westhuizen | H40: {=OFFSET('487810'!G$1, MAX(ROW('487810'!G:G)*('487810'!G:G<>"")-1),0)} -> 24194379 | I40: {=OFFSET('487810'!H$1, MAX(ROW('487810'!H:H)*('487810'!H:H<>"")-1),0)} -> 45777 | J40: {=OFFSET('487810'!I$1, MAX(ROW('487810'!I:I)*('487810'!I:I<>"")-1),0)} -> RETURNED
A42: U9C/2kN | B42: '468620'!A1 | C42: 211010672 | D42: 2kN - 200kg | G42: {=OFFSET('468620'!F$1, MAX(ROW('468620'!F:F)*('468620'!F:F<>"")-1),0)} -> Josua Van Tonder | H42: {=OFFSET('468620'!G$1, MAX(ROW('468620'!G:G)*('468620'!G:G<>"")-1),0)} -> 1902243 | I42: {=OFFSET('468620'!H$1, MAX(ROW('468620'!H:H)*('468620'!H:H<>"")-1),0)} -> 44175 | J42: {=OFFSET('468620'!I$1, MAX(ROW('468620'!I:I)*('468620'!I:I<>"")-1),0)} -> RETURNED
A43: SP4C3 | C43: 00495870 | D43: 20kg
A44: SP4C3 | C44: 01373560 | D44: 20kg
A45: SP4C3 | C45: 29306036 | D45: 20kg
A46: SP4C3 | C46: 29330086 | D46: 20kg
A47: SP4C3 | C47: 11602081 | D47: 30kg
A48: SPM4C3MR | C48: 02184452 | D48: 30kg
A49: SP4C3
A51: PRESSURE TRANSDUCERS | G51: Booked Out
A52: Type | B52: Asset Number | C52: Serial Number | D52: Range | E52: Cost-Point used with Purchase | F52: Remarks | G52: Name | H52: Student Number | I52: Date Taken | J52: Date Returned
A53: Absolute Pressure | B53: '466932'!A1 | C53: 801247177 | D53: 0-10 BAR | E53: 0280N | G53: {=OFFSET('466932'!F$1, MAX(ROW('466932'!F:F)*('466932'!F:F<>"")-1),0)} -> Jaco Laas | H53: {=OFFSET('466932'!G$1, MAX(ROW('466932'!G:G)*('466932'!G:G<>"")-1),0)} -> 24483451 | I53: {=OFFSET('466932'!H$1, MAX(ROW('466932'!H:H)*('466932'!H:H<>"")-1),0)} -> 03 Junie 2021 | J53: {=OFFSET('466932'!I$1, MAX(ROW('466932'!I:I)*('466932'!I:I<>"")-1),0)} -> RETURNED
A54: Absolute Pressure | B54: '466933'!A1 | C54: 801222951 | D54: 0-10 BAR | E54: 0280N | G54: {=OFFSET('466933'!F$1, MAX(ROW('466933'!F:F)*('466933'!F:F<>"")-1),0)} -> Chaz Fenner | H54: {=OFFSET('466933'!G$1, MAX(ROW('466933'!G:G)*('466933'!G:G<>"")-1),0)} -> Student Number | I54: {=OFFSET('466933'!H$1, MAX(ROW('466933'!H:H)*('466933'!H:H<>"")-1),0)} -> 15/02/2021 | J54: {=OFFSET('466933'!I$1, MAX(ROW('466933'!I:I)*('466933'!I:I<>"")-1),0)} -> RETURNED
A55: Absolute Pressure | B55: '466934'!A1 | C55: 801247177 | D55: 0-10 BAR | E55: 0280N | G55: {=OFFSET('466934'!F$1, MAX(ROW('466934'!F:F)*('466934'!F:F<>"")-1),0)} -> S De WIT | H55: {=OFFSET('466934'!G$1, MAX(ROW('466934'!G:G)*('466934'!G:G<>"")-1),0)} -> 21586144 | I55: {=OFFSET('466934'!H$1, MAX(ROW('466934'!H:H)*('466934'!H:H<>"")-1),0)} -> 44206 | J55: {=OFFSET('466934'!I$1, MAX(ROW('466934'!I:I)*('466934'!I:I<>"")-1),0)} -> Returned
A56: Absolute Pressure | B56: '466935'!A1 | C56: 801247177 | D56: 0-10 BAR | E56: 0280N | G56: {=OFFSET('466935'!F$1, MAX(ROW('466935'!F:F)*('466935'!F:F<>"")-1),0)} -> Name | H56: {=OFFSET('466935'!G$1, MAX(ROW('466935'!G:G)*('466935'!G:G<>"")-1),0)} -> Student Number | I56: {=OFFSET('466935'!H$1, MAX(ROW('466935'!H:H)*('466935'!H:H<>"")-1),0)} -> Date Taken | J56: {=OFFSET('466935'!I$1, MAX(ROW('466935'!I:I)*('466935'!I:I<>"")-1),0)} -> Date Returned
A57: Absolute Pressure | B57: '466936'!A1 | C57: 801245349 | D57: 0-10 BAR | E57: 0280N | G57: {=OFFSET('466936'!F$1, MAX(ROW('466936'!F:F)*('466936'!F:F<>"")-1),0)} -> D Sheni | H57: {=OFFSET('466936'!G$1, MAX(ROW('466936'!G:G)*('466936'!G:G<>"")-1),0)} -> 22594671 | I57: {=OFFSET('466936'!H$1, MAX(ROW('466936'!H:H)*('466936'!H:H<>"")-1),0)} -> 44630 | J57: {=OFFSET('466936'!I$1, MAX(ROW('466936'!I:I)*('466936'!I:I<>"")-1),0)} -> RETURNED
A58: Absolute Pressure | B58: '466937'!A1 | C58: 801245349 | D58: 0-10 BAR | E58: 0280N | G58: {=OFFSET('466937'!F$1, MAX(ROW('466937'!F:F)*('466937'!F:F<>"")-1),0)} -> 22594671 | H58: {=OFFSET('466937'!G$1, MAX(ROW('466937'!G:G)*('466937'!G:G<>"")-1),0)} -> Sheni | I58: {=OFFSET('466937'!H$1, MAX(ROW('466937'!H:H)*('466937'!H:H<>"")-1),0)} -> 44630 | J58: {=OFFSET('466937'!I$1, MAX(ROW('466937'!I:I)*('466937'!I:I<>"")-1),0)} -> RETURNED
A59: Absolute Pressure | B59: '466938'!A1 | C59: 801245349 | D59: 0-10 BAR | E59: 0280N | G59: {=OFFSET('466938'!F$1, MAX(ROW('466938'!F:F)*('466938'!F:F<>"")-1),0)} -> D Sheni | H59: {=OFFSET('466938'!G$1, MAX(ROW('466938'!G:G)*('466938'!G:G<>"")-1),0)} -> 22594671 | I59: {=OFFSET('466938'!H$1, MAX(ROW('466938'!H:H)*('466938'!H:H<>"")-1),0)} -> 44630 | J59: {=OFFSET('466938'!I$1, MAX(ROW('466938'!I:I)*('466938'!I:I<>"")-1),0)} -> RETURNED
A60: Absolute Pressure | B60: '466939'!A1 | C60: 801245349 | D60: 0-10 BAR | E60: 0280N | G60: {=OFFSET('466939'!F$1, MAX(ROW('466939'!F:F)*('466939'!F:F<>"")-1),0)} -> Jaco Laas | H60: {=OFFSET('466939'!G$1, MAX(ROW('466939'!G:G)*('466939'!G:G<>"")-1),0)} -> 24483451 | I60: {=OFFSET('466939'!H$1, MAX(ROW('466939'!H:H)*('466939'!H:H<>"")-1),0)} -> 44869 | J60: {=OFFSET('466939'!I$1, MAX(ROW('466939'!I:I)*('466939'!I:I<>"")-1),0)} -> RETURNED
A62: CLIP AMPLIFIERS | G62: Booked Out
A63: Type | B63: Asset Number | C63: Serial Number | E63: Cost-Point used with Purchase | F63: Remarks | G63: Name | H63: Student Number | I63: Date Taken | J63: Date Returned
A64: AE301 | B64: '459967'!A1 | C64: 824761013 | D64: - | E64: 0280N | G64: {=OFFSET('459967'!F$1, MAX(ROW('459967'!F:F)*('459967'!F:F<>"")-1),0)} -> Name | H64: {=OFFSET('459967'!G$1, MAX(ROW('459967'!G:G)*('459967'!G:G<>"")-1),0)} -> Student Number | I64: {=OFFSET('459967'!H$1, MAX(ROW('459967'!H:H)*('459967'!H:H<>"")-1),0)} -> Date Taken | J64: {=OFFSET('459967'!I$1, MAX(ROW('459967'!I:I)*('459967'!I:I<>"")-1),0)} -> Date Returned
A65: AE301 | B65: '459968'!A1 | C65: 824761014 | D65: - | E65: 0280N | G65: {=OFFSET('459968'!F$1, MAX(ROW('459968'!F:F)*('459968'!F:F<>"")-1),0)} -> Name | H65: {=OFFSET('459968'!G$1, MAX(ROW('459968'!G:G)*('459968'!G:G<>"")-1),0)} -> Student Number | I65: {=OFFSET('459968'!H$1, MAX(ROW('459968'!H:H)*('459968'!H:H<>"")-1),0)} -> Date Taken | J65: {=OFFSET('459968'!I$1, MAX(ROW('459968'!I:I)*('459968'!I:I<>"")-1),0)} -> Date Returned
A66: AE301 | B66: '459969'!A1 | C66: 824761015 | D66: - | E66: 0280N | G66: {=OFFSET('459969'!F$1, MAX(ROW('459969'!F:F)*('459969'!F:F<>"")-1),0)} -> Name | H66: {=OFFSET('459969'!G$1, MAX(ROW('459969'!G:G)*('459969'!G:G<>"")-1),0)} -> Student Number | I66: {=OFFSET('459969'!H$1, MAX(ROW('459969'!H:H)*('459969'!H:H<>"")-1),0)} -> Date Taken | J66: {=OFFSET('459969'!I$1, MAX(ROW('459969'!I:I)*('459969'!I:I<>"")-1),0)} -> Date Returned
A67: AE301 | B67: '459970'!A1 | C67: 824761032 | D67: - | E67: 0280N | G67: {=OFFSET('459970'!F$1, MAX(ROW('459970'!F:F)*('459970'!F:F<>"")-1),0)} -> Name | H67: {=OFFSET('459970'!G$1, MAX(ROW('459970'!G:G)*('459970'!G:G<>"")-1),0)} -> Student Number | I67: {=OFFSET('459970'!H$1, MAX(ROW('459970'!H:H)*('459970'!H:H<>"")-1),0)} -> Date Taken | J67: {=OFFSET('459970'!I$1, MAX(ROW('459970'!I:I)*('459970'!I:I<>"")-1),0)} -> Date Returned
A68: AE301 | B68: '443753'!A1 | C68: 819402718 | D68: - | E68: 0280N | G68: {=OFFSET('443753'!F$1, MAX(ROW('443753'!F:F)*('443753'!F:F<>"")-1),0)} -> Name | H68: {=OFFSET('443753'!G$1, MAX(ROW('443753'!G:G)*('443753'!G:G<>"")-1),0)} -> Student Number | I68: {=OFFSET('443753'!H$1, MAX(ROW('443753'!H:H)*('443753'!H:H<>"")-1),0)} -> Date Taken | J68: {=OFFSET('443753'!I$1, MAX(ROW('443753'!I:I)*('443753'!I:I<>"")-1),0)} -> Date Returned
A69: AE301 | B69: '253339'!A1 | D69: - | E69: 0280 | G69: {=OFFSET('253339'!F$1, MAX(ROW('253339'!F:F)*('253339'!F:F<>"")-1),0)} -> Name | H69: {=OFFSET('253339'!G$1, MAX(ROW('253339'!G:G)*('253339'!G:G<>"")-1),0)} -> Student Number | I69: {=OFFSET('253339'!H$1, MAX(ROW('253339'!H:H)*('253339'!H:H<>"")-1),0)} -> Date Taken | J69: {=OFFSET('253339'!I$1, MAX(ROW('253339'!I:I)*('253339'!I:I<>"")-1),0)} -> Date Returned
A70: AE301 | B70: '443752'!A1 | C70: 819402717 | D70: - | E70: 0280N | G70: {=OFFSET('443752'!F$1, MAX(ROW('443752'!F:F)*('443752'!F:F<>"")-1),0)} -> Name | H70: {=OFFSET('443752'!G$1, MAX(ROW('443752'!G:G)*('443752'!G:G<>"")-1),0)} -> Student Number | I70: {=OFFSET('443752'!H$1, MAX(ROW('443752'!H:H)*('443752'!H:H<>"")-1),0)} -> Date Taken | J70: {=OFFSET('443752'!I$1, MAX(ROW('443752'!I:I)*('443752'!I:I<>"")-1),0)} -> Date Returned
A71: AE301 | B71: '485261'!A1 | D71: - | E71: 0290N | G71: {=OFFSET('485261'!F$1, MAX(ROW('485261'!F:F)*('485261'!F:F<>"")-1),0)} -> Name | H71: {=OFFSET('485261'!G$1, MAX(ROW('485261'!G:G)*('485261'!G:G<>"")-1),0)} -> Student Number | I71: {=OFFSET('485261'!H$1, MAX(ROW('485261'!H:H)*('485261'!H:H<>"")-1),0)} -> Date Taken | J71: {=OFFSET('485261'!I$1, MAX(ROW('485261'!I:I)*('485261'!I:I<>"")-1),0)} -> Date Returned
A72: AE301 | B72: '485262'!A1 | D72: - | E72: 0290N | G72: {=OFFSET('485262'!F$1, MAX(ROW('485262'!F:F)*('485262'!F:F<>"")-1),0)} -> Name | H72: {=OFFSET('485262'!G$1, MAX(ROW('485262'!G:G)*('485262'!G:G<>"")-1),0)} -> Student Number | I72: {=OFFSET('485262'!H$1, MAX(ROW('485262'!H:H)*('485262'!H:H<>"")-1),0)} -> Date Taken | J72: {=OFFSET('485262'!I$1, MAX(ROW('485262'!I:I)*('485262'!I:I<>"")-1),0)} -> Date Returned
A73: AE301 | B73: '485263'!A1 | D73: - | E73: 0290N | G73: {=OFFSET('485263'!F$1, MAX(ROW('485263'!F:F)*('485263'!F:F<>"")-1),0)} -> Ruan Louw | H73: {=OFFSET('485263'!G$1, MAX(ROW('485263'!G:G)*('485263'!G:G<>"")-1),0)} -> 22558798 | I73: {=OFFSET('485263'!H$1, MAX(ROW('485263'!H:H)*('485263'!H:H<>"")-1),0)} -> 14/09/2022 | J73: {=OFFSET('485263'!I$1, MAX(ROW('485263'!I:I)*('485263'!I:I<>"")-1),0)} -> 44905
A74: AE301 | B74: '485264'!A1 | D74: - | E74: 0290N | G74: {=OFFSET('485264'!F$1, MAX(ROW('485264'!F:F)*('485264'!F:F<>"")-1),0)} -> Name | H74: {=OFFSET('485264'!G$1, MAX(ROW('485264'!G:G)*('485264'!G:G<>"")-1),0)} -> Student Number | I74: {=OFFSET('485264'!H$1, MAX(ROW('485264'!H:H)*('485264'!H:H<>"")-1),0)} -> Date Taken | J74: {=OFFSET('485264'!I$1, MAX(ROW('485264'!I:I)*('485264'!I:I<>"")-1),0)} -> Date Returned
A75: AE301 | B75: '485265'!A1 | D75: - | E75: 0290N | G75: {=OFFSET('485265'!F$1, MAX(ROW('485265'!F:F)*('485265'!F:F<>"")-1),0)} -> Name | H75: {=OFFSET('485265'!G$1, MAX(ROW('485265'!G:G)*('485265'!G:G<>"")-1),0)} -> Student Number | I75: {=OFFSET('485265'!H$1, MAX(ROW('485265'!H:H)*('485265'!H:H<>"")-1),0)} -> Date Taken | J75: {=OFFSET('485265'!I$1, MAX(ROW('485265'!I:I)*('485265'!I:I<>"")-1),0)} -> Date Returned
A77: AE501 | B77: '253343'!A1 | D77: - | E77: 0280 | G77: {=OFFSET('253343'!F$1, MAX(ROW('253343'!F:F)*('253343'!F:F<>"")-1),0)} -> Name | H77: {=OFFSET('253343'!G$1, MAX(ROW('253343'!G:G)*('253343'!G:G<>"")-1),0)} -> Student Number | I77: {=OFFSET('253343'!H$1, MAX(ROW('253343'!H:H)*('253343'!H:H<>"")-1),0)} -> Date Taken | J77: {=OFFSET('253343'!I$1, MAX(ROW('253343'!I:I)*('253343'!I:I<>"")-1),0)} -> Date Returned
A78: AE501 | B78: '253340'!A1 | D78: - | E78: 0280 | G78: {=OFFSET('253340'!F$1, MAX(ROW('253340'!F:F)*('253340'!F:F<>"")-1),0)} -> Name | H78: {=OFFSET('253340'!G$1, MAX(ROW('253340'!G:G)*('253340'!G:G<>"")-1),0)} -> Student Number | I78: {=OFFSET('253340'!H$1, MAX(ROW('253340'!H:H)*('253340'!H:H<>"")-1),0)} -> Date Taken | J78: {=OFFSET('253340'!I$1, MAX(ROW('253340'!I:I)*('253340'!I:I<>"")-1),0)} -> Date Returned
A79: AE501 | B79: '459971'!A1 | C79: 824734801 | D79: - | E79: 0280N | G79: {=OFFSET('459971'!F$1, MAX(ROW('459971'!F:F)*('459971'!F:F<>"")-1),0)} -> B Ndika | H79: {=OFFSET('459971'!G$1, MAX(ROW('459971'!G:G)*('459971'!G:G<>"")-1),0)} -> Student Number | I79: {=OFFSET('459971'!H$1, MAX(ROW('459971'!H:H)*('459971'!H:H<>"")-1),0)} -> Date Taken | J79: {=OFFSET('459971'!I$1, MAX(ROW('459971'!I:I)*('459971'!I:I<>"")-1),0)} -> RETURNED
A80: AE501 | B80: '459972'!A1 | C80: 824734823 | D80: - | E80: 0280N | G80: {=OFFSET('459972'!F$1, MAX(ROW('459972'!F:F)*('459972'!F:F<>"")-1),0)} -> Name | H80: {=OFFSET('459972'!G$1, MAX(ROW('459972'!G:G)*('459972'!G:G<>"")-1),0)} -> Student Number | I80: {=OFFSET('459972'!H$1, MAX(ROW('459972'!H:H)*('459972'!H:H<>"")-1),0)} -> Date Taken | J80: {=OFFSET('459972'!I$1, MAX(ROW('459972'!I:I)*('459972'!I:I<>"")-1),0)} -> Date Returned
A81: AE501 | B81: '459973'!A1 | C81: 824734824 | D81: - | E81: 0280N | G81: {=OFFSET('536093'!F$1, MAX(ROW('536093'!F:F)*('536093'!F:F<>"")-1),0)} -> Llewellyn | H81: {=OFFSET('459973'!G$1, MAX(ROW('459973'!G:G)*('459973'!G:G<>"")-1),0)} -> Student Number | I81: {=OFFSET('459973'!H$1, MAX(ROW('459973'!H:H)*('459973'!H:H<>"")-1),0)} -> Date Taken | J81: {=OFFSET('459973'!I$1, MAX(ROW('459973'!I:I)*('459973'!I:I<>"")-1),0)} -> Date Returned
A82: AE501 | B82: '459974'!A1 | C82: 824734825 | D82: - | E82: 0280N | G82: {=OFFSET('459974'!F$1, MAX(ROW('459974'!F:F)*('459974'!F:F<>"")-1),0)} -> Name | H82: {=OFFSET('459974'!G$1, MAX(ROW('459974'!G:G)*('459974'!G:G<>"")-1),0)} -> Student Number | I82: {=OFFSET('459974'!H$1, MAX(ROW('459974'!H:H)*('459974'!H:H<>"")-1),0)} -> Date Taken | J82: {=OFFSET('459974'!I$1, MAX(ROW('459974'!I:I)*('459974'!I:I<>"")-1),0)} -> Date Returned
A83: AE501 | B83: '253341'!A1 | D83: - | E83: 0280 | G83: {=OFFSET('253341'!F$1, MAX(ROW('253341'!F:F)*('253341'!F:F<>"")-1),0)} -> Name | H83: {=OFFSET('253341'!G$1, MAX(ROW('253341'!G:G)*('253341'!G:G<>"")-1),0)} -> Student Number | I83: {=OFFSET('253341'!H$1, MAX(ROW('253341'!H:H)*('253341'!H:H<>"")-1),0)} -> Date Taken | J83: {=OFFSET('253341'!I$1, MAX(ROW('253341'!I:I)*('253341'!I:I<>"")-1),0)} -> Date Returned
A84: AE501 | B84: '253342'!A1 | D84: - | E84: 0280 | G84: {=OFFSET('253342'!F$1, MAX(ROW('253342'!F:F)*('253342'!F:F<>"")-1),0)} -> Name | H84: {=OFFSET('253342'!G$1, MAX(ROW('253342'!G:G)*('253342'!G:G<>"")-1),0)} -> Student Number | I84: {=OFFSET('253342'!H$1, MAX(ROW('253342'!H:H)*('253342'!H:H<>"")-1),0)} -> Date Taken | J84: {=OFFSET('253342'!I$1, MAX(ROW('253342'!I:I)*('253342'!I:I<>"")-1),0)} -> Date Returned
A85: AE501 | B85: '253344'!A1 | D85: - | E85: 0280 | G85: {=OFFSET('253344'!F$1, MAX(ROW('253344'!F:F)*('253344'!F:F<>"")-1),0)} -> Name | H85: {=OFFSET('253344'!G$1, MAX(ROW('253344'!G:G)*('253344'!G:G<>"")-1),0)} -> Student Number | I85: {=OFFSET('253344'!H$1, MAX(ROW('253344'!H:H)*('253344'!H:H<>"")-1),0)} -> Date Taken | J85: {=OFFSET('253344'!I$1, MAX(ROW('253344'!I:I)*('253344'!I:I<>"")-1),0)} -> Date Returned
A86: AE501 | B86: '253345'!A1 | D86: - | E86: 0280 | G86: {=OFFSET('253345'!F$1, MAX(ROW('253345'!F:F)*('253345'!F:F<>"")-1),0)} -> Name | H86: {=OFFSET('253345'!G$1, MAX(ROW('253345'!G:G)*('253345'!G:G<>"")-1),0)} -> Student Number | I86: {=OFFSET('253345'!H$1, MAX(ROW('253345'!H:H)*('253345'!H:H<>"")-1),0)} -> Date Taken | J86: {=OFFSET('253345'!I$1, MAX(ROW('253345'!I:I)*('253345'!I:I<>"")-1),0)} -> Date Returned
A87: AE501 | B87: '443750'!A1 | D87: - | E87: 0280N | G87: {=OFFSET('443750'!F$1, MAX(ROW('443750'!F:F)*('443750'!F:F<>"")-1),0)} -> Name | H87: {=OFFSET('443750'!G$1, MAX(ROW('443750'!G:G)*('443750'!G:G<>"")-1),0)} -> Student Number | I87: {=OFFSET('443750'!H$1, MAX(ROW('443750'!H:H)*('443750'!H:H<>"")-1),0)} -> Date Taken | J87: {=OFFSET('443750'!I$1, MAX(ROW('443750'!I:I)*('443750'!I:I<>"")-1),0)} -> Date Returned
A88: AE501 | B88: '443751'!A1 | C88: 819334204 | D88: - | E88: 0280N | G88: {=OFFSET('443751'!F$1, MAX(ROW('443751'!F:F)*('443751'!F:F<>"")-1),0)} -> MC Nimb | H88: {=OFFSET('443751'!G$1, MAX(ROW('443751'!G:G)*('443751'!G:G<>"")-1),0)} -> 24776661 | I88: {=OFFSET('443751'!H$1, MAX(ROW('443751'!H:H)*('443751'!H:H<>"")-1),0)} -> 28/08/2025 | J88: {=OFFSET('443751'!I$1, MAX(ROW('443751'!I:I)*('443751'!I:I<>"")-1),0)} -> OUTSTANDING
A90: QUANTUMX | G90: Booked Out
A91: Type | B91: Asset Number | C91: Serial Number | D91: Description | E91: Cost-Point used with Purchase | F91: Remarks | G91: Name | H91: Student Number | I91: Date Taken | J91: Date Returned
A92: MX410 | B92: '443758'!A1 | C92: 0009E5004CE6 | D92: 4-Channel | E92: 0280N | G92: {=OFFSET('443758'!F$1, MAX(ROW('443758'!F:F)*('443758'!F:F<>"")-1),0)} -> SJ NOland | H92: {=OFFSET('443758'!G$1, MAX(ROW('443758'!G:G)*('443758'!G:G<>"")-1),0)} -> 3581662 | I92: {=OFFSET('443758'!H$1, MAX(ROW('443758'!H:H)*('443758'!H:H<>"")-1),0)} -> 45917 | J92: {=OFFSET('443758'!I$1, MAX(ROW('443758'!I:I)*('443758'!I:I<>"")-1),0)} -> RETURNED
A93: MX410 | B93: 441960'!A1 | C93: 0009E5004B96 | D93: 4-Channel | E93: 0280N | F93: Channel 1 Faulty | G93: {=OFFSET('441960'!F$1, MAX(ROW('441960'!F:F)*('441960'!F:F<>"")-1),0)} -> PC Swanepoel | H93: {=OFFSET('441960'!G$1, MAX(ROW('441960'!G:G)*('441960'!G:G<>"")-1),0)} -> 16622766 | I93: {=OFFSET('441960'!H$1, MAX(ROW('441960'!H:H)*('441960'!H:H<>"")-1),0)} -> 45761 | J93: {=OFFSET('441960'!I$1, MAX(ROW('441960'!I:I)*('441960'!I:I<>"")-1),0)} -> OUTSTANDING
A94: MX840B | B94: '459956'!A1 | C94: 0009E5007DD | D94: 8-Channel | E94: 0280N | F94: Channel 5 Faulty | G94: {=OFFSET('459956'!F$1, MAX(ROW('459956'!F:F)*('459956'!F:F<>"")-1),0)} -> James Ralph | H94: {=OFFSET('459956'!G$1, MAX(ROW('459956'!G:G)*('459956'!G:G<>"")-1),0)} -> 23233737 | I94: {=OFFSET('441960'!H$1, MAX(ROW('441960'!H:H)*('441960'!H:H<>"")-1),0)} -> 45761 | J94: {=OFFSET('443757'!I$1, MAX(ROW('443757'!I:I)*('443757'!I:I<>"")-1),0)} -> RETURNED
A95: MX440B | B95: '466921'!A1 | C95: 0009E5007DDB | D95: 4-Channel | E95: 0280N | F95: Was al herstel | G95: {=OFFSET('466921'!F$1, MAX(ROW('466921'!F:F)*('466921'!F:F<>"")-1),0)} -> EM LOUW | H95: {=OFFSET('466921'!G$1, MAX(ROW('466921'!G:G)*('466921'!G:G<>"")-1),0)} -> 24817236 | I95: 44410 | J95: {=OFFSET('443757'!I$1, MAX(ROW('443757'!I:I)*('443757'!I:I<>"")-1),0)} -> RETURNED
A96: MX440B | B96: '485408'!A1 | C96: 0009E500E684 | D96: 4-Channel | E96: 0284N | F96: New - Dr Els? | G96: {=OFFSET('485408'!F$1, MAX(ROW('485408'!F:F)*('485408'!F:F<>"")-1),0)} -> Name | H96: {=OFFSET('485408'!G$1, MAX(ROW('485408'!G:G)*('485408'!G:G<>"")-1),0)} -> Student Number | I96: {=OFFSET('485408'!H$1, MAX(ROW('485408'!H:H)*('485408'!H:H<>"")-1),0)} -> Date Taken | J96: {=OFFSET('485408'!I$1, MAX(ROW('485408'!I:I)*('485408'!I:I<>"")-1),0)} -> Date Returned
A97: MX1601B | B97: '450521'!A1 | C97: 801218167 | D97: 16-Channel | E97: 0280N | F97: Used on SA Agulhas | G97: {=OFFSET('450521'!F$1, MAX(ROW('450521'!F:F)*('450521'!F:F<>"")-1),0)} -> DR Adams | H97: {=OFFSET('450521'!G$1, MAX(ROW('450521'!G:G)*('450521'!G:G<>"")-1),0)} -> 20299028 | I97: {=OFFSET('450521'!H$1, MAX(ROW('450521'!H:H)*('450521'!H:H<>"")-1),0)} -> 30/08/2022 | J97: 44263
A98: MX1609 | B98: '443757'!A1 | C98: 0009E50044F1 | D98: 6-Channel Thermocouple | E98: 0280N | G98: {=OFFSET('443757'!F$1, MAX(ROW('443757'!F:F)*('443757'!F:F<>"")-1),0)} -> Tamara Allen | H98: {=OFFSET('443757'!G$1, MAX(ROW('443757'!G:G)*('443757'!G:G<>"")-1),0)} -> 19944306 | I98: {=OFFSET('443757'!H$1, MAX(ROW('443757'!H:H)*('443757'!H:H<>"")-1),0)} -> 44414 | J98: {=OFFSET('443757'!I$1, MAX(ROW('443757'!I:I)*('443757'!I:I<>"")-1),0)} -> RETURNED
A99: MX440B | B99: '459957'!A1 | C99: 0009E5007AOA | D99: 4-Channel | E99: 0280N | G99: {=OFFSET('459957'!F$1, MAX(ROW('459957'!F:F)*('459957'!F:F<>"")-1),0)} -> JM Wahl | H99: {=OFFSET('459957'!G$1, MAX(ROW('459957'!G:G)*('459957'!G:G<>"")-1),0)} -> 25939114 | I99: {=OFFSET('459957'!H$1, MAX(ROW('459957'!H:H)*('459957'!H:H<>"")-1),0)} -> 45908 | J99: {=OFFSET('459957'!I$1, MAX(ROW('459957'!I:I)*('459957'!I:I<>"")-1),0)} -> RETURNED
A100: MX460B | B100: 536093'!A1 | C100: 0009E5024A7A | D100: 4-Channel | G100: {=OFFSET('536093'!F$1, MAX(ROW('536093'!F:F)*('536093'!F:F<>"")-1),0)} -> Llewellyn | H100: {=OFFSET('536093'!G$1, MAX(ROW('536093'!G:G)*('536093'!G:G<>"")-1),0)} -> 22793429 | I100: {=OFFSET('536093'!H$1, MAX(ROW('536093'!H:H)*('536093'!H:H<>"")-1),0)} -> 45744 | J100: {=OFFSET('443757'!I$1, MAX(ROW('443757'!I:I)*('443757'!I:I<>"")-1),0)} -> RETURNED
A101: MX840B | B101: 437406'!A1 | C101: 0009E5026584 | D101: 8-Channel | G101: {=OFFSET('437406'!F$1, MAX(ROW('437406'!F:F)*('437406'!F:F<>"")-1),0)} -> Mr. J Bredell | H101: {=OFFSET('437406'!G$1, MAX(ROW('437406'!G:G)*('437406'!G:G<>"")-1),0)} -> 22793429 | I101: {=OFFSET('437406'!H$1, MAX(ROW('437406'!H:H)*('437406'!H:H<>"")-1),0)} -> 45874 | J101: {=OFFSET('437406'!I$1, MAX(ROW('437406'!I:I)*('437406'!I:I<>"")-1),0)} -> RETURNED
A102: MX1615 | D102: 8-Channel
A103: QUANTUMX | C103: 801433534 | D103: 15-Channel
A104: QUANTUMX | C104: 801433534 | D104: Strain gauge quarter-bridge
A105: QUANTUMX | C105: 801433534 | D105: Strain gauge quarter-bridge
A106: QUANTUMX | C106: 801433534 | D106: Strain gauge quarter-bridge
A107: QUANTUMX | C107: 801433534 | D107: Strain gauge quarter-bridge
A108: QUANTUMX | C108: 801433534 | D108: Strain gauge quarter-bridge
A109: QUANTUMX | C109: 801433534 | D109: Strain gauge quarter-bridge
A110: QUANTUMX | C110: 801433534 | D110: Strain gauge quarter-bridge
A112: DISPLACEMENT METERS | G112: Booked Out
A113: Type | B113: Asset Number | C113: Serial Number | D113: Range | E113: Cost-Point used with Purchase | F113: Remarks | G113: Name | H113: Student Number | I113: Date Taken | J113: Date Returned
...

Sheet 437406
A1: ='List of HBM Equipment'!A205 -> Type | B1: ='List of HBM Equipment'!B205 -> Model | C1: ='List of HBM Equipment'!C412 -> Asset number | F1: Booked Out
A2: ='List of HBM Equipment'!A101 -> MX840B | B2: ='List of HBM Equipment'!B101 -> 437406'!A1 | C2: 437406 | F2: Name | G2: Student Number | H2: Date Taken | I2: Date Returned
F3: Llewellyn | G3: 22793429 | H3: 45744 | I3: Back
F4: Mr. J Bredell | H4: 45874 | I4: RETURNED
B5: Click to return to HOME

Sheet 536093
A1: ='List of HBM Equipment'!A205 -> Type | B1: ='List of HBM Equipment'!B205 -> Model | C1: ='List of HBM Equipment'!C412 -> Asset number | F1: Booked Out
A2: ='List of HBM Equipment'!A100 -> MX460B | B2: ='List of HBM Equipment'!B100 -> 536093'!A1 | C2: 536093 | F2: Name | G2: Student Number | H2: Date Taken | I2: Date Returned
F3: Llewellyn | G3: 22793429 | H3: 45744 | I3: Back
B5: Click to return to HOME

Sheet 435608
A1: ='List of HBM Equipment'!A205 -> Type | B1: ='List of HBM Equipment'!B205 -> Model | C1: ='List of HBM Equipment'!C412 -> Asset number | E1: Booked Out
A2: ='List of HBM Equipment'!A447 -> Endress+Hauser | B2: ='List of HBM Equipment'!B447 -> Deltabar S PMD75 | C2: 435608 | E2: Name | F2: Student Number | G2: Date Taken | H2: Date Returned
B5: Click to return to HOME

Sheet 435602
A1: ='List of HBM Equipment'!A205 -> Type | B1: ='List of HBM Equipment'!B205 -> Model | C1: ='List of HBM Equipment'!C412 -> Asset number | E1: Booked Out
A2: ='List of HBM Equipment'!A446 -> Endress+Hauser | B2: ='List of HBM Equipment'!B446 -> Deltabar S PMD75 | C2: 435602 | E2: Name | F2: Student Number | G2: Date Taken | H2: Date Returned
B5: Click to return to HOME

Sheet 435605
A1: ='List of HBM Equipment'!A205 -> Type | B1: ='List of HBM Equipment'!B205 -> Model | C1: ='List of HBM Equipment'!C412 -> Asset number | E1: Booked Out
A2: ='List of HBM Equipment'!A445 -> Endress+Hauser | B2: ='List of HBM Equipment'!B445 -> Deltabar S PMD75 | C2: 435605 | E2: Name | F2: Student Number | G2: Date Taken | H2: Date Returned
B5: Click to return to HOME

Sheet 435604
A1: ='List of HBM Equipment'!A205 -> Type | B1: ='List of HBM Equipment'!B205 -> Model | C1: ='List of HBM Equipment'!C412 -> Asset number | E1: Booked Out
A2: ='List of HBM Equipment'!A444 -> Endress+Hauser | B2: ='List of HBM Equipment'!B444 -> Deltabar S PMD75 | C2: 435604 | E2: Name | F2: Student Number | G2: Date Taken | H2: Date Returned
B5: Click to return to HOME

Sheet 400194
A1: ='List of HBM Equipment'!A205 -> Type | B1: ='List of HBM Equipment'!B205 -> Model | C1: ='List of HBM Equipment'!C412 -> Asset number | E1: Booked Out
A2: ='List of HBM Equipment'!A440 -> Endress+Hauser | B2: ='List of HBM Equipment'!B440 -> Deltabar S PMD70 | C2: 347205 | E2: Name | F2: Student Number | G2: Date Taken | H2: Date Returned
B5: Click to return to HOME

Sheet 347205
A1: ='List of HBM Equipment'!A205 -> Type | B1: ='List of HBM Equipment'!B205 -> Model | C1: ='List of HBM Equipment'!C412 -> Asset number | E1: Booked Out
A2: ='List of HBM Equipment'!A440 -> Endress+Hauser | B2: ='List of HBM Equipment'!B440 -> Deltabar S PMD70 | C2: 347205 | E2: Name | F2: Student Number | G2: Date Taken | H2: Date Returned
B5: Click to return to HOME

Sheet 435496
A1: ='List of HBM Equipment'!A205 -> Type | B1: ='List of HBM Equipment'!B205 -> Model | C1: ='List of HBM Equipment'!C412 -> Asset number | E1: Booked Out
A2: ='List of HBM Equipment'!A436 -> Agilent | B2: ='List of HBM Equipment'!B436 -> 34972A | C2: 435496 | E2: Name | F2: Student Number | G2: Date Taken | H2: Date Returned
B5: Click to return to HOME

Sheet 312992
A1: ='List of HBM Equipment'!A205 -> Type | B1: ='List of HBM Equipment'!B205 -> Model | C1: ='List of HBM Equipment'!C412 -> Asset number | E1: Booked Out
A2: ='List of HBM Equipment'!A429 -> Endress+Hauser | B2: ='List of HBM Equipment'!B429 -> Deltabar S PMD230 | C2: 312992 | E2: Name | F2: Student Number | G2: Date Taken | H2: Date Returned
B5: Click to return to HOME

Sheet 435606
A1: ='List of HBM Equipment'!A205 -> Type | B1: ='List of HBM Equipment'!B205 -> Model | C1: ='List of HBM Equipment'!C412 -> Asset number | E1: Booked Out
A2: ='List of HBM Equipment'!A428 -> Endress+Hauser | B2: ='List of HBM Equipment'!B428 -> Deltabar S PMD75 | C2: 435606 | E2: Name | F2: Student Number | G2: Date Taken | H2: Date Returned
B5: Click to return to HOME

Sheet 312994
A1: ='List of HBM Equipment'!A205 -> Type | B1: ='List of HBM Equipment'!B205 -> Model | C1: ='List of HBM Equipment'!C412 -> Asset number | E1: Booked Out
A2: ='List of HBM Equipment'!A427 -> Endress+Hauser | B2: ='List of HBM Equipment'!B427 -> Deltabar S PMD230 | C2: 312994 | E2: Name | F2: Student Number | G2: Date Taken | H2: Date Returned
B5: Click to return to HOME

Sheet 450517
A1: ='List of HBM Equipment'!A205 -> Type | B1: ='List of HBM Equipment'!B205 -> Model | C1: ='List of HBM Equipment'!C412 -> Asset number | E1: Booked Out
A2: ='List of HBM Equipment'!A420 -> Endress+Hauser | B2: ='List of HBM Equipment'!B420 -> Deltabar S PMD75 | C2: 450517 | E2: Name | F2: Student Number | G2: Date Taken | H2: Date Returned
B5: Click to return to HOME

Sheet 450520
A1: ='List of HBM Equipment'!A205 -> Type | B1: ='List of HBM Equipment'!B205 -> Model | C1: ='List of HBM Equipment'!C412 -> Asset number | E1: Booked Out
A2: ='List of HBM Equipment'!A419 -> Endress+Hauser | B2: ='List of HBM Equipment'!B419 -> Deltabar S PMD75 | C2: 450520 | E2: Name | F2: Student Number | G2: Date Taken | H2: Date Returned
B5: Click to return to HOME

Sheet 450518
A1: ='List of HBM Equipment'!A205 -> Type | B1: ='List of HBM Equipment'!B205 -> Model | C1: ='List of HBM Equipment'!C412 -> Asset number | E1: Booked Out
A2: ='List of HBM Equipment'!A418 -> Endress+Hauser | B2: ='List of HBM Equipment'!B418 -> Deltabar S PMD75 | C2: 450518 | E2: Name | F2: Student Number | G2: Date Taken | H2: Date Returned
B5: Click to return to HOME

Sheet 450519
A1: ='List of HBM Equipment'!A205 -> Type | B1: ='List of HBM Equipment'!B205 -> Model | C1: ='List of HBM Equipment'!C412 -> Asset number | E1: Booked Out
A2: ='List of HBM Equipment'!A417 -> Endress+Hauser | B2: ='List of HBM Equipment'!B417 -> Deltabar S PMD75 | C2: 450519 | E2: Name | F2: Student Number | G2: Date Taken | H2: Date Returned
B5: Click to return to HOME

Sheet 435460
A1: ='List of HBM Equipment'!A205 -> Type | B1: ='List of HBM Equipment'!B205 -> Model | C1: ='List of HBM Equipment'!C412 -> Asset number | E1: Booked Out
A2: ='List of HBM Equipment'!A413 -> Agilent | B2: ='List of HBM Equipment'!B413 -> 34972A | C2: 435460 | E2: Name | F2: Student Number | G2: Date Taken | H2: Date Returned
B5: Click to return to HOME

Sheet 469450
A1: ='List of HBM Equipment'!A205 -> Type | B1: ='List of HBM Equipment'!B205 -> Model | C1: ='List of HBM Equipment'!C400 -> B/N | E1: Booked Out
A2: ='List of HBM Equipment'!A406 -> Huato | B2: ='List of HBM Equipment'!B406 -> S220-T8 | C2: 469450 | E2: Name | F2: Student Number | G2: Date Taken | H2: Date Returned
B5: Click to return to HOME

Sheet 469449
A1: ='List of HBM Equipment'!A205 -> Type | B1: ='List of HBM Equipment'!B205 -> Model | C1: ='List of HBM Equipment'!C400 -> B/N | E1: Booked Out
A2: ='List of HBM Equipment'!A405 -> Huato | B2: ='List of HBM Equipment'!B405 -> S220-T8 | C2: 469449 | E2: Name | F2: Student Number | G2: Date Taken | H2: Date Returned
B5: Click to return to HOME

Sheet 469451
A1: ='List of HBM Equipment'!A205 -> Type | B1: ='List of HBM Equipment'!B205 -> Model | C1: ='List of HBM Equipment'!C400 -> B/N | E1: Booked Out
A2: ='List of HBM Equipment'!A404 -> Huato | B2: ='List of HBM Equipment'!B404 -> S220-T8 | C2: 469451 | E2: Name | F2: Student Number | G2: Date Taken | H2: Date Returned
B5: Click to return to HOME

Sheet 469446
A1: ='List of HBM Equipment'!A205 -> Type | B1: ='List of HBM Equipment'!B205 -> Model | C1: ='List of HBM Equipment'!C400 -> B/N | E1: Booked Out
A2: ='List of HBM Equipment'!A403 -> Huato | B2: ='List of HBM Equipment'!B403 -> S220-T8 | C2: 469446 | E2: Name | F2: Student Number | G2: Date Taken | H2: Date Returned
B5: Click to return to HOME

Sheet 469448
A1: ='List of HBM Equipment'!A205 -> Type | B1: ='List of HBM Equipment'!B205 -> Model | C1: ='List of HBM Equipment'!C400 -> B/N | E1: Booked Out
A2: ='List of HBM Equipment'!A402 -> Huato | B2: ='List of HBM Equipment'!B402 -> S220-T8 | C2: 469448 | E2: Name | F2: Student Number | G2: Date Taken | H2: Date Returned
B5: Click to return to HOME

Sheet 469453
A1: ='List of HBM Equipment'!A205 -> Type | B1: ='List of HBM Equipment'!B205 -> Model | C1: ='List of HBM Equipment'!C400 -> B/N | E1: Booked Out
A2: ='List of HBM Equipment'!A401 -> Huato | B2: ='List of HBM Equipment'!B401 -> S220-T8 | C2: 469453 | E2: Name | F2: Student Number | G2: Date Taken | H2: Date Returned
B5: Click to return to HOME

Sheet 189761
A1: ='List of HBM Equipment'!A205 -> Type | B1: ='List of HBM Equipment'!B205 -> Model | C1: ='List of HBM Equipment'!C391 -> Asset number | E1: Booked Out
A2: ='List of HBM Equipment'!A397 -> Keithley | B2: ='List of HBM Equipment'!B397 -> 197 | C2: 189761 | E2: Name | F2: Student Number | G2: Date Taken | H2: Date Returned
B5: Click to return to HOME

Sheet 189762
A1: ='List of HBM Equipment'!A205 -> Type | B1: ='List of HBM Equipment'!B205 -> Model | C1: ='List of HBM Equipment'!C391 -> Asset number | E1: Booked Out
A2: ='List of HBM Equipment'!A396 -> Keithley | B2: ='List of HBM Equipment'!B396 -> 197 | C2: 189762 | E2: Name | F2: Student Number | G2: Date Taken | H2: Date Returned
B5: Click to return to HOME

Sheet 272977
A1: ='List of HBM Equipment'!A205 -> Type | B1: ='List of HBM Equipment'!B205 -> Model | C1: ='List of HBM Equipment'!C391 -> Asset number | E1: Booked Out
A2: ='List of HBM Equipment'!A392 -> HBM | B2: ='List of HBM Equipment'!B392 -> Scout 55 | C2: 272977 | E2: Name | F2: Student Number | G2: Date Taken | H2: Date Returned
B5: Click to return to HOME

Sheet 166045
A1: ='List of HBM Equipment'!A205 -> Type | B1: ='List of HBM Equipment'!B205 -> Model | C1: ='List of HBM Equipment'!C371 -> S/N or Asset number | E1: Booked Out
A2: ='List of HBM Equipment'!A388 -> HP | B2: ='List of HBM Equipment'!B388 -> 3478A | C2: 166045 | E2: Name | F2: Student Number | G2: Date Taken | H2: Date Returned
B5: Click to return to HOME

Sheet 456548
A1: ='List of HBM Equipment'!A205 -> Type | B1: ='List of HBM Equipment'!B205 -> Model | C1: ='List of HBM Equipment'!C371 -> S/N or Asset number | E1: Booked Out
A2: ='List of HBM Equipment'!A383 -> Keysight | B2: ='List of HBM Equipment'!B383 -> 34972A | C2: 456548 | E2: Name | F2: Student Number | G2: Date Taken | H2: Date Returned
B5: Click to return to HOME

Sheet 459327
A1: ='List of HBM Equipment'!A205 -> Type | B1: ='List of HBM Equipment'!B205 -> Model | C1: ='List of HBM Equipment'!C371 -> S/N or Asset number | E1: Booked Out
A2: ='List of HBM Equipment'!A382 -> Keysight | B2: ='List of HBM Equipment'!B382 -> 34972A | C2: 459327 | E2: Name | F2: Student Number | G2: Date Taken | H2: Date Returned
B5: Click to return to HOME

Sheet MY49024748
A1: ='List of HBM Equipment'!A205 -> Type | B1: ='List of HBM Equipment'!B205 -> Model | C1: ='List of HBM Equipment'!C371 -> S/N or Asset number | E1: Booked Out
A2: ='List of HBM Equipment'!A381 -> Keysight | B2: ='List of HBM Equipment'!B381 -> 34972A | C2: MY49024748 | E2: Name | F2: Student Number | G2: Date Taken | H2: Date Returned
B5: Click to return to HOME

Sheet 247446
A1: ='List of HBM Equipment'!A205 -> Type | B1: ='List of HBM Equipment'!B205 -> Model | C1: ='List of HBM Equipment'!C371 -> S/N or Asset number | E1: Booked Out
A2: =#REF! -> #REF! | B2: =#REF! -> #REF! | C2: =#REF! -> #REF! | E2: Name | F2: Student Number | G2: Date Taken | H2: Date Returned
B5: Click to return to HOME

Sheet 380114
A1: ='List of HBM Equipment'!A205 -> Type | B1: ='List of HBM Equipment'!B205 -> Model | C1: ='List of HBM Equipment'!C371 -> S/N or Asset number | E1: Booked Out
A2: ='List of HBM Equipment'!A380 -> Agilent | B2: ='List of HBM Equipment'!B380 -> 34970A | C2: 380114 | E2: Name | F2: Student Number | G2: Date Taken | H2: Date Returned
B5: Click to return to HOME

Sheet 404058
A1: ='List of HBM Equipment'!A205 -> Type | B1: ='List of HBM Equipment'!B205 -> Model | C1: ='List of HBM Equipment'!C371 -> S/N or Asset number | E1: Booked Out
A2: ='List of HBM Equipment'!A379 -> Agilent | B2: ='List of HBM Equipment'!B379 -> 34970A | C2: 404058 | E2: Name | F2: Student Number | G2: Date Taken | H2: Date Returned
B5: Click to return to HOME

Sheet 398470
A1: ='List of HBM Equipment'!A205 -> Type | B1: ='List of HBM Equipment'!B205 -> Model | C1: ='List of HBM Equipment'!C371 -> S/N or Asset number | E1: Booked Out
A2: ='List of HBM Equipment'!A378 -> Agilent | B2: ='List of HBM Equipment'!B378 -> 34970A | C2: 398470 | E2: Name | F2: Student Number | G2: Date Taken | H2: Date Returned
B5: Click to return to HOME

Sheet 347346
A1: ='List of HBM Equipment'!A205 -> Type | B1: ='List of HBM Equipment'!B205 -> Model | C1: ='List of HBM Equipment'!C371 -> S/N or Asset number | E1: Booked Out
A2: ='List of HBM Equipment'!A377 -> HP | B2: ='List of HBM Equipment'!B377 -> 34970A | C2: 347346 | E2: Name | F2: Student Number | G2: Date Taken | H2: Date Returned
B5: Click to return to HOME

Sheet 435495
A1: ='List of HBM Equipment'!A205 -> Type | B1: ='List of HBM Equipment'!B205 -> Model | C1: ='List of HBM Equipment'!C371 -> S/N or Asset number | E1: Booked Out
A2: ='List of HBM Equipment'!A376 -> Agilent | B2: ='List of HBM Equipment'!B376 -> 34972A | C2: 435495 | E2: Name | F2: Student Number | G2: Date Taken | H2: Date Returned
B5: Click to return to HOME

Sheet 435461
A1: ='List of HBM Equipment'!A205 -> Type | B1: ='List of HBM Equipment'!B205 -> Model | C1: ='List of HBM Equipment'!C371 -> S/N or Asset number | E1: Booked Out
A2: ='List of HBM Equipment'!A375 -> Agilent | B2: ='List of HBM Equipment'!B375 -> 34972A | C2: 435461 | E2: Name | F2: Student Number | G2: Date Taken | H2: Date Returned
B5: Click to return to HOME

Sheet 410434
A1: ='List of HBM Equipment'!A205 -> Type | B1: ='List of HBM Equipment'!B205 -> Model | C1: ='List of HBM Equipment'!C371 -> S/N or Asset number | E1: Booked Out
A2: ='List of HBM Equipment'!A374 -> Agilent | B2: ='List of HBM Equipment'!B374 -> 34970A | C2: 410434 | E2: Name | F2: Student Number | G2: Date Taken | H2: Date Returned
B5: Click to return to HOME

Sheet 286392
A1: ='List of HBM Equipment'!A205 -> Type | B1: ='List of HBM Equipment'!B205 -> Model | C1: ='List of HBM Equipment'!C371 -> S/N or Asset number | E1: Booked Out
A2: ='List of HBM Equipment'!A373 -> Agilent | B2: ='List of HBM Equipment'!B373 -> 34970A | C2: 286392 | E2: Name | F2: Student Number | G2: Date Taken | H2: Date Returned
B5: Click to return to HOME

Sheet 414110
A1: ='List of HBM Equipment'!A205 -> Type | B1: ='List of HBM Equipment'!B205 -> Model | C1: ='List of HBM Equipment'!C371 -> S/N or Asset number | E1: Booked Out
A2: ='List of HBM Equipment'!A372 -> Agilent | B2: ='List of HBM Equipment'!B372 -> 34970A | C2: 414110 | E2: Name | F2: Student Number | G2: Date Taken | H2: Date Returned
B5: Click to return to HOME

Sheet 247293
A1: ='List of HBM Equipment'!A205 -> Type | B1: ='List of HBM Equipment'!B205 -> Model | C1: ='List of HBM Equipment'!C348 -> S/N or Asset number | E1: Booked Out
A2: ='List of HBM Equipment'!A368 -> Endress+Hauser | B2: ='List of HBM Equipment'!B368 -> Deltabar S PMD130 | C2: 247293 | E2: Name | F2: Student Number | G2: Date Taken | H2: Date Returned
B5: Click to return to HOME

Sheet 216485
A1: ='List of HBM Equipment'!A205 -> Type | B1: ='List of HBM Equipment'!B205 -> Model | C1: ='List of HBM Equipment'!C348 -> S/N or Asset number | E1: Booked Out
A2: ='List of HBM Equipment'!A367 -> Endress+Hauser | B2: ='List of HBM Equipment'!B367 -> Deltabar S PMD130 | C2: 216485 | E2: Name | F2: Student Number | G2: Date Taken | H2: Date Returned
B5: Click to return to HOME

Sheet KC00A421121
A1: ='List of HBM Equipment'!A205 -> Type | B1: ='List of HBM Equipment'!B205 -> Model | C1: ='List of HBM Equipment'!C348 -> S/N or Asset number | E1: Booked Out
A2: ='List of HBM Equipment'!A366 -> Endress+Hauser | B2: ='List of HBM Equipment'!B366 -> Deltabar PMD55 | C2: KC00A421121 | E2: Name | F2: Student Number | G2: Date Taken | H2: Date Returned
B5: Click to return to HOME

Sheet 457162
A1: ='List of HBM Equipment'!A205 -> Type | B1: ='List of HBM Equipment'!B205 -> Model | C1: ='List of HBM Equipment'!C348 -> S/N or Asset number | E1: Booked Out
A2: ='List of HBM Equipment'!A365 -> Endress+Hauser | B2: ='List of HBM Equipment'!B365 -> Deltabar PMD55 | C2: 457162 | E2: Name | F2: Student Number | G2: Date Taken | H2: Date Returned
B5: Click to return to HOME

Sheet 457163
A1: ='List of HBM Equipment'!A205 -> Type | B1: ='List of HBM Equipment'!B205 -> Model | C1: ='List of HBM Equipment'!C348 -> S/N or Asset number | E1: Booked Out
A2: ='List of HBM Equipment'!A363 -> Endress+Hauser | B2: ='List of HBM Equipment'!B363 -> Deltabar PMD55 | C2: 457163 | E2: Name | F2: Student Number | G2: Date Taken | H2: Date Returned
B5: Click to return to HOME

Sheet KC00A221121
A1: ='List of HBM Equipment'!A205 -> Type | B1: ='List of HBM Equipment'!B205 -> Model | C1: ='List of HBM Equipment'!C348 -> S/N or Asset number | E1: Booked Out
A2: ='List of HBM Equipment'!A364 -> Endress+Hauser | B2: ='List of HBM Equipment'!B364 -> Deltabar PMD55 | C2: KC00A221121 | E2: Name | F2: Student Number | G2: Date Taken | H2: Date Returned
B5: Click to return to HOME

Sheet 457157
A1: ='List of HBM Equipment'!A205 -> Type | B1: ='List of HBM Equipment'!B205 -> Model | C1: ='List of HBM Equipment'!C348 -> S/N or Asset number | E1: Booked Out
A2: ='List of HBM Equipment'!A362 -> Endress+Hauser | B2: ='List of HBM Equipment'!B362 -> Deltabar PMD55 | C2: 457157 | E2: Name | F2: Student Number | G2: Date Taken | H2: Date Returned
B5: Click to return to HOME

Sheet 457158
A1: ='List of HBM Equipment'!A205 -> Type | B1: ='List of HBM Equipment'!B205 -> Model | C1: ='List of HBM Equipment'!C348 -> S/N or Asset number | E1: Booked Out
A2: ='List of HBM Equipment'!A361 -> Endress+Hauser | B2: ='List of HBM Equipment'!B361 -> Deltabar PMD55 | C2: 457158 | E2: Name | F2: Student Number | G2: Date Taken | H2: Date Returned
B5: Click to return to HOME

Sheet 457160
A1: ='List of HBM Equipment'!A205 -> Type | B1: ='List of HBM Equipment'!B205 -> Model | C1: ='List of HBM Equipment'!C348 -> S/N or Asset number | E1: Booked Out
A2: ='List of HBM Equipment'!A360 -> Endress+Hauser | B2: ='List of HBM Equipment'!B360 -> Deltabar PMD55 | C2: 457160 | E2: Name | F2: Student Number | G2: Date Taken | H2: Date Returned
B5: Click to return to HOME

Sheet KC009F21121
A1: ='List of HBM Equipment'!A205 -> Type | B1: ='List of HBM Equipment'!B205 -> Model | C1: ='List of HBM Equipment'!C348 -> S/N or Asset number | E1: Booked Out
A2: ='List of HBM Equipment'!A359 -> Endress+Hauser | B2: ='List of HBM Equipment'!B359 -> Deltabar PMD55 | C2: KC009F21121 | E2: Name | F2: Student Number | G2: Date Taken | H2: Date Returned
B5: Click to return to HOME

Sheet 457161
A1: ='List of HBM Equipment'!A205 -> Type | B1: ='List of HBM Equipment'!B205 -> Model | C1: ='List of HBM Equipment'!C348 -> S/N or Asset number | E1: Booked Out
A2: ='List of HBM Equipment'!A358 -> Endress+Hauser | B2: ='List of HBM Equipment'!B358 -> Deltabar PMD55 | C2: 457161 | E2: Name | F2: Student Number | G2: Date Taken | H2: Date Returned
B5: Click to return to HOME

Sheet 156274
A1: ='List of HBM Equipment'!A205 -> Type | B1: ='List of HBM Equipment'!B205 -> Model | C1: ='List of HBM Equipment'!C348 -> S/N or Asset number | E1: Booked Out
A2: ='List of HBM Equipment'!A357 -> Foxboro | B2: ='List of HBM Equipment'!B357 -> 823DP | C2: 156274 | E2: Name | F2: Student Number | G2: Date Taken | H2: Date Returned
B5: Click to return to HOME

Sheet KC00A321121
A1: ='List of HBM Equipment'!A205 -> Type | B1: ='List of HBM Equipment'!B205 -> Model | C1: ='List of HBM Equipment'!C348 -> S/N or Asset number | E1: Booked Out
A2: ='List of HBM Equipment'!A356 -> Endress+Hauser | B2: ='List of HBM Equipment'!B356 -> Deltabar PMD55 | C2: KC00A321121 | E2: Name | F2: Student Number | G2: Date Taken | H2: Date Returned
B5: Click to return to HOME

Sheet 247294
A1: ='List of HBM Equipment'!A205 -> Type | B1: ='List of HBM Equipment'!B205 -> Model | C1: ='List of HBM Equipment'!C348 -> S/N or Asset number | E1: Booked Out
A2: ='List of HBM Equipment'!A355 -> Endress+Hauser | B2: ='List of HBM Equipment'!B355 -> Deltabar S PMD130 | C2: 247294 | E2: Name | F2: Student Number | G2: Date Taken | H2: Date Returned
B5: Click to return to HOME

Sheet 315727
A1: ='List of HBM Equipment'!A205 -> Type | B1: ='List of HBM Equipment'!B205 -> Model | C1: ='List of HBM Equipment'!C348 -> S/N or Asset number | E1: Booked Out
A2: ='List of HBM Equipment'!A354 -> Endress+Hauser | B2: ='List of HBM Equipment'!B354 -> Deltabar S PMD230 | C2: 315727 | E2: Name | F2: Student Number | G2: Date Taken | H2: Date Returned
B5: Click to return to HOME

Sheet 315728
A1: ='List of HBM Equipment'!A205 -> Type | B1: ='List of HBM Equipment'!B205 -> Model | C1: ='List of HBM Equipment'!C348 -> S/N or Asset number | E1: Booked Out
A2: ='List of HBM Equipment'!A353 -> Endress+Hauser | B2: ='List of HBM Equipment'!B353 -> Deltabar S PMD230 | C2: 315728 | E2: Name | F2: Student Number | G2: Date Taken | H2: Date Returned
B5: Click to return to HOME

Sheet 435600
A1: ='List of HBM Equipment'!A205 -> Type | B1: ='List of HBM Equipment'!B205 -> Model | C1: ='List of HBM Equipment'!C348 -> S/N or Asset number | E1: Booked Out
A2: ='List of HBM Equipment'!A352 -> Endress+Hauser | B2: ='List of HBM Equipment'!B352 -> Deltabar S PMD75 | C2: 435600 | E2: Name | F2: Student Number | G2: Date Taken | H2: Date Returned
B5: Click to return to HOME

Sheet 408471
A1: ='List of HBM Equipment'!A205 -> Type | B1: ='List of HBM Equipment'!B205 -> Model | C1: ='List of HBM Equipment'!C348 -> S/N or Asset number | E1: Booked Out
A2: ='List of HBM Equipment'!A351 -> Endress+Hauser | B2: ='List of HBM Equipment'!B351 -> Deltabar S PMD75 | C2: 408471 | E2: Name | F2: Student Number | G2: Date Taken | H2: Date Returned
B5: Click to return to HOME

Sheet 408472
A1: ='List of HBM Equipment'!A205 -> Type | B1: ='List of HBM Equipment'!B205 -> Model | C1: ='List of HBM Equipment'!C348 -> S/N or Asset number | E1: Booked Out
A2: ='List of HBM Equipment'!A349 -> Endress+Hauser | B2: ='List of HBM Equipment'!B349 -> Deltabar S PMD75 | C2: 435601 | E2: Name | F2: Student Number | G2: Date Taken | H2: Date Returned
B5: Click to return to HOME

Sheet 435601
A1: ='List of HBM Equipment'!A205 -> Type | B1: ='List of HBM Equipment'!B205 -> Model | C1: ='List of HBM Equipment'!C348 -> S/N or Asset number | E1: Booked Out
A2: ='List of HBM Equipment'!A349 -> Endress+Hauser | B2: ='List of HBM Equipment'!B349 -> Deltabar S PMD75 | C2: 435601 | E2: Name | F2: Student Number | G2: Date Taken | H2: Date Returned
B5: Click to return to HOME

Sheet 25021
A1: ='List of HBM Equipment'!A205 -> Type | B1: ='List of HBM Equipment'!B205 -> Model | C1: ='List of HBM Equipment'!C335 -> F.Nr. | E1: Booked Out
A2: ='List of HBM Equipment'!A345 -> HBM | B2: ='List of HBM Equipment'!B345 -> PD1 | C2: 25021 | E2: Name | F2: Student Number | G2: Date Taken | H2: Date Returned
B5: Click to return to HOME

Sheet 25023
A1: ='List of HBM Equipment'!A205 -> Type | B1: ='List of HBM Equipment'!B205 -> Model | C1: ='List of HBM Equipment'!C335 -> F.Nr. | E1: Booked Out
A2: ='List of HBM Equipment'!A344 -> HBM | B2: ='List of HBM Equipment'!B344 -> PD1 | C2: 25023 | E2: Name | F2: Student Number | G2: Date Taken | H2: Date Returned
B5: Click to return to HOME

Sheet 25022
A1: ='List of HBM Equipment'!A205 -> Type | B1: ='List of HBM Equipment'!B205 -> Model | C1: ='List of HBM Equipment'!C335 -> F.Nr. | E1: Booked Out
A2: ='List of HBM Equipment'!A343 -> HBM | B2: ='List of HBM Equipment'!B343 -> PD1 | C2: 25022 | E2: Name | F2: Student Number | G2: Date Taken | H2: Date Returned
B5: Click to return to HOME

Sheet 29444
A1: ='List of HBM Equipment'!A205 -> Type | B1: ='List of HBM Equipment'!B205 -> Model | C1: ='List of HBM Equipment'!C335 -> F.Nr. | E1: Booked Out
A2: ='List of HBM Equipment'!A342 -> HBM | B2: ='List of HBM Equipment'!B342 -> PD1 | C2: 29444 | E2: Name | F2: Student Number | G2: Date Taken | H2: Date Returned
B5: Click to return to HOME

Sheet 44609
A1: ='List of HBM Equipment'!A205 -> Type | B1: ='List of HBM Equipment'!B205 -> Model | C1: ='List of HBM Equipment'!C335 -> F.Nr. | E1: Booked Out
A2: ='List of HBM Equipment'!A341 -> HBM | B2: ='List of HBM Equipment'!B341 -> PD1 | C2: 44609 | E2: Name | F2: Student Number | G2: Date Taken | H2: Date Returned
B5: Click to return to HOME

Sheet 48840
A1: ='List of HBM Equipment'!A205 -> Type | B1: ='List of HBM Equipment'!B205 -> Model | C1: ='List of HBM Equipment'!C335 -> F.Nr. | E1: Booked Out
A2: ='List of HBM Equipment'!A340 -> HBM | B2: ='List of HBM Equipment'!B340 -> PD1 | C2: 48840 | E2: Name | F2: Student Number | G2: Date Taken | H2: Date Returned
B5: Click to return to HOME

Sheet 12056
A1: ='List of HBM Equipment'!A205 -> Type | B1: ='List of HBM Equipment'!B205 -> Model | C1: ='List of HBM Equipment'!C335 -> F.Nr. | E1: Booked Out
A2: ='List of HBM Equipment'!A339 -> HBM | B2: ='List of HBM Equipment'!B339 -> PD1 | C2: 12056 | E2: Name | F2: Student Number | G2: Date Taken | H2: Date Returned
B5: Click to return to HOME

Sheet 2931
A1: ='List of HBM Equipment'!A205 -> Type | B1: ='List of HBM Equipment'!B205 -> Model | C1: ='List of HBM Equipment'!C335 -> F.Nr. | E1: Booked Out
A2: ='List of HBM Equipment'!A338 -> HBM | B2: ='List of HBM Equipment'!B338 -> PD1/001 | C2: 2931 | E2: Name | F2: Student Number | G2: Date Taken | H2: Date Returned
B5: Click to return to HOME

Sheet 50070
A1: ='List of HBM Equipment'!A205 -> Type | B1: ='List of HBM Equipment'!B205 -> Model | C1: ='List of HBM Equipment'!C335 -> F.Nr. | E1: Booked Out
A2: ='List of HBM Equipment'!A337 -> HBM | B2: ='List of HBM Equipment'!B337 -> PD1 | C2: 50070 | E2: Name | F2: Student Number | G2: Date Taken | H2: Date Returned
B5: Click to return to HOME

Sheet 6954
A1: ='List of HBM Equipment'!A205 -> Type | B1: ='List of HBM Equipment'!B205 -> Model | C1: ='List of HBM Equipment'!C335 -> F.Nr. | E1: Booked Out
A2: ='List of HBM Equipment'!A336 -> HBM | B2: ='List of HBM Equipment'!B336 -> PD1 | C2: 6954 | E2: Name | F2: Student Number | G2: Date Taken | H2: Date Returned
B5: Click to return to HOME

Sheet 742531
A1: ='List of HBM Equipment'!A205 -> Type | B1: ='List of HBM Equipment'!B205 -> Model | C1: ='List of HBM Equipment'!C205 -> Serial Number | E1: Booked Out
A2: ='List of HBM Equipment'!A332 -> Topward | B2: ='List of HBM Equipment'!B332 -> 6306D | C2: 742531 | E2: Name | F2: Student Number | G2: Date Taken | H2: Date Returned
B5: Click to return to HOME

Sheet 362885
A1: ='List of HBM Equipment'!A205 -> Type | B1: ='List of HBM Equipment'!B205 -> Model | C1: ='List of HBM Equipment'!C205 -> Serial Number | E1: Booked Out
A2: ='List of HBM Equipment'!A331 -> Topward | B2: ='List of HBM Equipment'!B331 -> 6306D | C2: 362885 | E2: Name | F2: Student Number | G2: Date Taken | H2: Date Returned
B5: Click to return to HOME

Sheet 362882
A1: ='List of HBM Equipment'!A205 -> Type | B1: ='List of HBM Equipment'!B205 -> Model | C1: ='List of HBM Equipment'!C205 -> Serial Number | E1: Booked Out
A2: ='List of HBM Equipment'!A330 -> Topward | B2: ='List of HBM Equipment'!B330 -> 6306D | C2: 362882 | E2: Name | F2: Student Number | G2: Date Taken | H2: Date Returned
B5: Click to return to HOME

Sheet 376791
A1: ='List of HBM Equipment'!A205 -> Type | B1: ='List of HBM Equipment'!B205 -> Model | C1: ='List of HBM Equipment'!C205 -> Serial Number | E1: Booked Out
A2: ='List of HBM Equipment'!A329 -> Topward | B2: ='List of HBM Equipment'!B329 -> 6306D | C2: 376791 | E2: Name | F2: Student Number | G2: Date Taken | H2: Date Returned
B5: Click to return to HOME

Sheet MT 395480
A1: ='List of HBM Equipment'!A205 -> Type | B1: ='List of HBM Equipment'!B205 -> Model | C1: ='List of HBM Equipment'!C205 -> Serial Number | E1: Booked Out
A2: ='List of HBM Equipment'!A328 -> Topward | B2: ='List of HBM Equipment'!B328 -> 6306D | C2: MT 395480 | E2: Name | F2: Student Number | G2: Date Taken | H2: Date Returned
B5: Click to return to HOME

Sheet 409517
A1: ='List of HBM Equipment'!A205 -> Type | B1: ='List of HBM Equipment'!B205 -> Model | C1: ='List of HBM Equipment'!C205 -> Serial Number | E1: Booked Out
A2: ='List of HBM Equipment'!A327 -> Topward | B2: ='List of HBM Equipment'!B327 -> 6306D | C2: 409517 | E2: Name | F2: Student Number | G2: Date Taken | H2: Date Returned
B5: Click to return to HOME

Sheet 396333
A1: ='List of HBM Equipment'!A205 -> Type | B1: ='List of HBM Equipment'!B205 -> Model | C1: ='List of HBM Equipment'!C205 -> Serial Number | E1: Booked Out
A2: ='List of HBM Equipment'!A326 -> Topward | B2: ='List of HBM Equipment'!B326 -> 6306D | C2: 396333 | E2: Name | F2: Student Number | G2: Date Taken | H2: Date Returned
B5: Click to return to HOME

Sheet 362883
A1: ='List of HBM Equipment'!A205 -> Type | B1: ='List of HBM Equipment'!B205 -> Model | C1: ='List of HBM Equipment'!C205 -> Serial Number | E1: Booked Out
A2: ='List of HBM Equipment'!A325 -> Topward | B2: ='List of HBM Equipment'!B325 -> 6306D | C2: 362883 | E2: Name | F2: Student Number | G2: Date Taken | H2: Date Returned
B5: Click to return to HOME

Sheet 362884
A1: ='List of HBM Equipment'!A205 -> Type | B1: ='List of HBM Equipment'!B205 -> Model | C1: ='List of HBM Equipment'!C205 -> Serial Number | E1: Booked Out
A2: ='List of HBM Equipment'!A324 -> Topward | B2: ='List of HBM Equipment'!B324 -> 6306D | C2: 362884 | E2: Name | F2: Student Number | G2: Date Taken | H2: Date Returned
B5: Click to return to HOME

Sheet 395480
A1: ='List of HBM Equipment'!A205 -> Type | B1: ='List of HBM Equipment'!B205 -> Model | C1: ='List of HBM Equipment'!C205 -> Serial Number | E1: Booked Out
A2: ='List of HBM Equipment'!A323 -> Topward | B2: ='List of HBM Equipment'!B323 -> 6306D | C2: 395480 | E2: Name | F2: Student Number | G2: Date Taken | H2: Date Returned
B5: Click to return to HOME

Sheet 409513
A1: ='List of HBM Equipment'!A205 -> Type | B1: ='List of HBM Equipment'!B205 -> Model | C1: ='List of HBM Equipment'!C205 -> Serial Number | E1: Booked Out
A2: ='List of HBM Equipment'!A322 -> Topward | B2: ='List of HBM Equipment'!B322 -> 6306D | C2: 409513 | E2: Name | F2: Student Number | G2: Date Taken | H2: Date Returned
B5: Click to return to HOME

Sheet 362886
A1: ='List of HBM Equipment'!A205 -> Type | B1: ='List of HBM Equipment'!B205 -> Model | C1: ='List of HBM Equipment'!C205 -> Serial Number | E1: Booked Out
A2: ='List of HBM Equipment'!A321 -> Topward | B2: ='List of HBM Equipment'!B321 -> 6306D | C2: 362886 | E2: Name | F2: Student Number | G2: Date Taken | H2: Date Returned
B5: Click to return to HOME

Sheet SN HB7198628
A1: ='List of HBM Equipment'!A205 -> Type | B1: ='List of HBM Equipment'!B205 -> Model | C1: ='List of HBM Equipment'!C205 -> Serial Number | E1: Booked Out
A2: ='List of HBM Equipment'!A309 -> National Instruments | B2: ='List of HBM Equipment'!B309 -> cDAQ-9171 | C2: SN: HB7198628 | E2: Name | F2: Student Number | G2: Date Taken | H2: Date Returned
B5: Click to return to HOME

Sheet 801182A-01
A1: ='List of HBM Equipment'!A205 -> Type | B1: ='List of HBM Equipment'!B205 -> Model | C1: ='List of HBM Equipment'!C205 -> Serial Number | E1: Booked Out
A2: ='List of HBM Equipment'!A313 -> National Instruments | B2: ='List of HBM Equipment'!B313 -> NI myRIO | C2: 801182A-01 | E2: Name | F2: Student Number | G2: Date Taken | H2: Date Returned
B5: Click to return to HOME

Sheet SN HB7127916
A1: ='List of HBM Equipment'!A205 -> Type | B1: ='List of HBM Equipment'!B205 -> Model | C1: ='List of HBM Equipment'!C205 -> Serial Number | E1: Booked Out
A2: ='List of HBM Equipment'!A308 -> National Instruments | B2: ='List of HBM Equipment'!B308 -> cDAQ-9171 | C2: SN: HB7127916 | E2: Name | F2: Student Number | G2: Date Taken | H2: Date Returned
B5: Click to return to HOME

Sheet SN HC7742072
A1: ='List of HBM Equipment'!A205 -> Type | B1: ='List of HBM Equipment'!B205 -> Model | C1: ='List of HBM Equipment'!C205 -> Serial Number | E1: Booked Out
A2: ='List of HBM Equipment'!A304 -> National Instruments | B2: ='List of HBM Equipment'!B304 -> NI 9215 | C2: SN: HC7742072 | E2: Name | F2: Student Number | G2: Date Taken | H2: Date Returned
B5: Click to return to HOME

Sheet SN HC3654124
A1: ='List of HBM Equipment'!A205 -> Type | B1: ='List of HBM Equipment'!B205 -> Model | C1: ='List of HBM Equipment'!C205 -> Serial Number | E1: Booked Out
A2: ='List of HBM Equipment'!A295 -> National Instruments | B2: ='List of HBM Equipment'!B295 -> NI USB-6212 | C2: SN: HC3654124 | E2: Name | F2: Student Number | G2: Date Taken | H2: Date Returned
B5: Click to return to HOME

Sheet SN 1313704018F
A1: ='List of HBM Equipment'!A205 -> Type | B1: ='List of HBM Equipment'!B205 -> Model | C1: ='List of HBM Equipment'!C205 -> Serial Number | E1: Booked Out
A2: ='List of HBM Equipment'!A300 -> SICK | B2: ='List of HBM Equipment'!B300 -> OD1-B035C15I25 | C2: S/N 1313704018F | E2: Name | F2: Student Number | G2: Date Taken | H2: Date Returned
B5: Click to return to HOME

Sheet SN 1313704020F
A1: ='List of HBM Equipment'!A205 -> Type | B1: ='List of HBM Equipment'!B205 -> Model | C1: ='List of HBM Equipment'!C205 -> Serial Number | E1: Booked Out
A2: ='List of HBM Equipment'!A299 -> SICK | B2: ='List of HBM Equipment'!B299 -> OD1-B035C15I25 | C2: S/N 1313704020F | E2: Name | F2: Student Number | G2: Date Taken | H2: Date Returned
B5: Click to return to HOME

Sheet SN PA1069944
A1: ='List of HBM Equipment'!A205 -> Type | B1: ='List of HBM Equipment'!B205 -> Model | C1: ='List of HBM Equipment'!C205 -> Serial Number | E1: Booked Out
A2: ='List of HBM Equipment'!A294 -> National Instruments | B2: ='List of HBM Equipment'!B294 -> NI USB-6009 | C2: SN: PA1069944 | E2: Name | F2: Student Number | G2: Date Taken | H2: Date Returned
B5: Click to return to HOME

Sheet SN HB8462936
A1: ='List of HBM Equipment'!A205 -> Type | B1: ='List of HBM Equipment'!B205 -> Model | C1: ='List of HBM Equipment'!C205 -> Serial Number | E1: Booked Out
A2: ='List of HBM Equipment'!A293 -> National Instruments | B2: ='List of HBM Equipment'!B293 -> NI USB-6009 | C2: SN: HB8462936 | E2: Name | F2: Student Number | G2: Date Taken | H2: Date Returned
B5: Click to return to HOME

Sheet FU8240115
A1: ='List of HBM Equipment'!A205 -> Type | B1: ='List of HBM Equipment'!B205 -> Model | C1: ='List of HBM Equipment'!C205 -> Serial Number | E1: Booked Out
A2: ='List of HBM Equipment'!A288 -> PicoTech | B2: ='List of HBM Equipment'!B288 -> 4444 | C2: FU824/0115 | E2: Name | F2: Student Number | G2: Date Taken | H2: Date Returned
B5: Click to return to HOME

Sheet 378350
A1: ='List of HBM Equipment'!A205 -> Type | B1: ='List of HBM Equipment'!B205 -> Model | C1: ='List of HBM Equipment'!C205 -> Serial Number | E1: Booked Out
A2: ='List of HBM Equipment'!A242 -> Nova-strobe | B2: ='List of HBM Equipment'!B242 -> DB plus kit 230 | C2: 378350 | E2: Name | F2: Student Number | G2: Date Taken | H2: Date Returned
B5: Click to return to HOME

Sheet 08090004
A1: ='List of HBM Equipment'!A205 -> Type | B1: ='List of HBM Equipment'!B205 -> Model | C1: ='List of HBM Equipment'!C205 -> Serial Number | E1: Booked Out
A2: ='List of HBM Equipment'!A238 -> Major Tech | B2: ='List of HBM Equipment'!B238 -> MT948 | C2: 08090004 | E2: Name | F2: Student Number | G2: Date Taken | H2: Date Returned
B5: Click to return to HOME

Sheet 302635
A1: ='List of HBM Equipment'!A205 -> Type | B1: ='List of HBM Equipment'!B205 -> Model | C1: ='List of HBM Equipment'!C205 -> Serial Number | E1: Booked Out
A2: ='List of HBM Equipment'!A234 -> DRUK METER | B2: ='List of HBM Equipment'!B234 -> WIKA | C2: 302635 | E2: Name | F2: Student Number | G2: Date Taken | H2: Date Returned
B5: Click to return to HOME

Sheet 302637
A1: ='List of HBM Equipment'!A205 -> Type | B1: ='List of HBM Equipment'!B205 -> Model | C1: ='List of HBM Equipment'!C205 -> Serial Number | E1: Booked Out
A2: ='List of HBM Equipment'!A233 -> DRUK METER | B2: ='List of HBM Equipment'!B233 -> WIKA | C2: 302637 | E2: Name | F2: Student Number | G2: Date Taken | H2: Date Returned
E3: A Mentz | F3: 25848306 | G3: 30/06/2025 | H3: OUTSTANDING
B5: Click to return to HOME

Sheet 302636
A1: ='List of HBM Equipment'!A205 -> Type | B1: ='List of HBM Equipment'!B205 -> Model | C1: ='List of HBM Equipment'!C205 -> Serial Number | E1: Booked Out
A2: ='List of HBM Equipment'!A232 -> VAKUUM METER | B2: ='List of HBM Equipment'!B232 -> WIKA | C2: 302636 | E2: Name | F2: Student Number | G2: Date Taken | H2: Date Returned
B5: Click to return to HOME

Sheet 302638
A1: ='List of HBM Equipment'!A205 -> Type | B1: ='List of HBM Equipment'!B205 -> Model | C1: ='List of HBM Equipment'!C205 -> Serial Number | E1: Booked Out
A2: ='List of HBM Equipment'!A228 -> DRUK POMP | B2: ='List of HBM Equipment'!B228 -> 36720 | C2: 302638 | E2: Name | F2: Student Number | G2: Date Taken | H2: Date Returned
B5: Click to return to HOME

Sheet 8711
A1: ='List of HBM Equipment'!A205 -> Type | B1: ='List of HBM Equipment'!B205 -> Model | C1: ='List of HBM Equipment'!C205 -> Serial Number | E1: Booked Out
A2: ='List of HBM Equipment'!A224 -> Lenton Thermo-hygrometer | B2: 8711 | C2: ='List of HBM Equipment'!C224 -> S/N 8804028 | E2: Name | F2: Student Number | G2: Date Taken | H2: Date Returned
B5: Click to return to HOME

Sheet 486012
A1: ='List of HBM Equipment'!A205 -> Type | B1: ='List of HBM Equipment'!B205 -> Model | C1: ='List of HBM Equipment'!C205 -> Serial Number | E1: Booked Out
A2: ='List of HBM Equipment'!A220 -> UNI-T | B2: ='List of HBM Equipment'!B220 -> UTP3305 | C2: 486012 | E2: Name | F2: Student Number | G2: Date Taken | H2: Date Returned
B5: Click to return to HOME

Sheet 486013
A1: ='List of HBM Equipment'!A205 -> Type | B1: ='List of HBM Equipment'!B205 -> Model | C1: ='List of HBM Equipment'!C205 -> Serial Number | E1: Booked Out
A2: ='List of HBM Equipment'!A219 -> UNI-T | B2: ='List of HBM Equipment'!B219 -> UTP3305 | C2: 486013 | E2: Name | F2: Student Number | G2: Date Taken | H2: Date Returned
E3: N Moyo | G3: 44477
B5: Click to return to HOME

Sheet GES871330
A1: ='List of HBM Equipment'!A205 -> Type | B1: ='List of HBM Equipment'!B205 -> Model | C1: ='List of HBM Equipment'!C205 -> Serial Number | E1: Booked Out
A2: ='List of HBM Equipment'!A218 -> GW Instek | B2: ='List of HBM Equipment'!B218 -> GPS-3030 | C2: GES871330 | E2: Name | F2: Student Number | G2: Date Taken | H2: Date Returned
E3: S Singh | F3: 22980644 | G3: 20/09/2022
B5: Click to return to HOME

Sheet GER863120
A1: ='List of HBM Equipment'!A205 -> Type | B1: ='List of HBM Equipment'!B205 -> Model | C1: ='List of HBM Equipment'!C205 -> Serial Number | E1: Booked Out
A2: ='List of HBM Equipment'!A217 -> GW Instek | B2: ='List of HBM Equipment'!B217 -> GPS-3030 | C2: GER863120 | E2: Name | F2: Student Number | G2: Date Taken | H2: Date Returned
E4: T Machtelinck | F4: 23661194 | G4: 22/05/2025 | H4: OUTSTANDING
B5: Click to return to HOME

Sheet GES871343
A1: ='List of HBM Equipment'!A205 -> Type | B1: ='List of HBM Equipment'!B205 -> Model | C1: ='List of HBM Equipment'!C205 -> Serial Number | E1: Booked Out
A2: ='List of HBM Equipment'!A216 -> GW Instek | B2: ='List of HBM Equipment'!B216 -> GPS-3030 | C2: GES871343 | E2: Name | F2: Student Number | G2: Date Taken | H2: Date Returned
E3: Elke Hestermann | G3: 44477
E4: Herman Roux | F4: 22536612 | G4: 20/09/2022
B5: Click to return to HOME

Sheet GES871338
A1: ='List of HBM Equipment'!A205 -> Type | B1: ='List of HBM Equipment'!B205 -> Model | C1: ='List of HBM Equipment'!C205 -> Serial Number | E1: Booked Out
A2: ='List of HBM Equipment'!A215 -> GW Instek | B2: ='List of HBM Equipment'!B215 -> GPS-3030 | C2: GES871338 | E2: Name | F2: Student Number | G2: Date Taken | H2: Date Returned
E3: N Moyo | G3: 44355
E4: R Lekloloane | F4: 21192057 | G4: 45756 | H4: RETURNED
B5: Click to return to HOME

Sheet A376659
A1: ='List of HBM Equipment'!A205 -> Type | B1: ='List of HBM Equipment'!B205 -> Model | C1: ='List of HBM Equipment'!C205 -> Serial Number | E1: Booked Out
A2: ='List of HBM Equipment'!A214 -> Xytron DC power supply | B2: ='List of HBM Equipment'!B214 -> GPC-3030E | C2: A376659 | E2: Name | F2: Student Number | G2: Date Taken | H2: Date Returned
E3: S Van Der Merwe | F3: 22569081 | G3: 22/09/2022
E4: H Janse Van Vuuren | F4: 21642478 | G4: 45741 | H4: OUTSTANDING
B5: Click to return to HOME

Sheet SN 801D200G2
A1: ='List of HBM Equipment'!A205 -> Type | B1: ='List of HBM Equipment'!B205 -> Model | C1: ='List of HBM Equipment'!C205 -> Serial Number | E1: Booked Out
A2: ='List of HBM Equipment'!A213 -> ISO-TECH | B2: ='List of HBM Equipment'!B213 -> IPS-2303 | C2: S/N 801D200G2 | E2: Name | F2: Student Number | G2: Date Taken | H2: Date Returned
B5: Click to return to HOME

Sheet SN EN850209
A1: ='List of HBM Equipment'!A205 -> Type | B1: ='List of HBM Equipment'!B205 -> Model | C1: ='List of HBM Equipment'!C205 -> Serial Number | E1: Booked Out
A2: ='List of HBM Equipment'!A212 -> GW Instek | B2: ='List of HBM Equipment'!B212 -> SPD-3606 | C2: S/N EN850209 | E2: Name | F2: Student Number | G2: Date Taken | H2: Date Returned
E3: Jacob Wasserfall | F3: 20689810 | G3: 44324 | H3: RETURNED
E4: Jacques Wessels | F4: 16801594 | G4: 30/03/2022 | H4: RETURNED
B5: Click to return to HOME | E5: A J.V Rensburg | F5: 24726265 | G5: 45756 | H5: OUTSTANDING

Sheet SN 6271507451
A1: ='List of HBM Equipment'!A205 -> Type | B1: ='List of HBM Equipment'!B205 -> Model | C1: ='List of HBM Equipment'!C205 -> Serial Number | E1: Booked Out
A2: ='List of HBM Equipment'!A211 -> Manson DC power supply | B2: ='List of HBM Equipment'!B211 -> HCS-3202 | C2: S/N 6271507451 | E2: Name | F2: Student Number | G2: Date Taken | H2: Date Returned
B5: Click to return to HOME

Sheet SN 6271507452
A1: ='List of HBM Equipment'!A205 -> Type | B1: ='List of HBM Equipment'!B205 -> Model | C1: ='List of HBM Equipment'!C205 -> Serial Number | E1: Booked Out
A2: ='List of HBM Equipment'!A210 -> Manson DC power supply | B2: ='List of HBM Equipment'!B210 -> HCS-3202 | C2: S/N 6271507452 | E2: Name | F2: Student Number | G2: Date Taken | H2: Date Returned
B5: Click to return to HOME

Sheet FG-6020SD
A1: ='List of HBM Equipment'!A205 -> Type | B1: ='List of HBM Equipment'!B205 -> Model | C1: ='List of HBM Equipment'!C205 -> Serial Number | E1: Booked Out
A2: ='List of HBM Equipment'!A206 -> Lutron | B2: FG-6020SD | C2: ='List of HBM Equipment'!C206 -> L1608047 | E2: Name | F2: Student Number | G2: Date Taken | H2: Date Returned
B5: Click to return to HOME

Sheet R150037479
A1: Type | B1: Model | C1: Serial Number | E1: Booked Out
A2: ='List of HBM Equipment'!A202 -> UNI-T | B2: ='List of HBM Equipment'!B202 -> UT61E | C2: R150037479 | E2: Name | F2: Student Number | G2: Date Taken | H2: Date Returned
B5: Click to return to HOME

Sheet R150028739
A1: Type | B1: Model | C1: Serial Number | E1: Booked Out
A2: ='List of HBM Equipment'!A201 -> UNI-T | B2: ='List of HBM Equipment'!B201 -> UT61E | C2: ='List of HBM Equipment'!C201 -> R150028739 | E2: Name | F2: Student Number | G2: Date Taken | H2: Date Returned
B5: Click to return to HOME

Sheet R150028740
A1: Type | B1: Model | C1: Serial Number | E1: Booked Out
A2: ='List of HBM Equipment'!A200 -> UNI-T | B2: ='List of HBM Equipment'!B200 -> UT61E | C2: R150028740 | E2: Name | F2: Student Number | G2: Date Taken | H2: Date Returned
B5: Click to return to HOME

Sheet UM 180791
A1: Type | B1: Model | C1: Serial Number | E1: Booked Out
A2: ='List of HBM Equipment'!A199 -> GW Instek | B2: ='List of HBM Equipment'!B199 -> GDM-396 | C2: UM 180791 | E2: Name | F2: Student Number | G2: Date Taken | H2: Date Returned
B5: Click to return to HOME

Sheet UM 180997
A1: Type | B1: Model | C1: Serial Number | E1: Booked Out
A2: ='List of HBM Equipment'!A198 -> GW Instek | B2: ='List of HBM Equipment'!B198 -> GDM-396 | C2: UM 180997 | E2: Name | F2: Student Number | G2: Date Taken | H2: Date Returned
B5: Click to return to HOME

Sheet 111
A1: Type | B1: Model | C1: Serial Number | E1: Booked Out
A2: ='List of HBM Equipment'!A197 -> Fluke | B2: 111 | C2: ='List of HBM Equipment'!C197 -> 0 | E2: Name | F2: Student Number | G2: Date Taken | H2: Date Returned
B5: Click to return to HOME

Sheet CJ187818
A1: Type | B1: Model | C1: Serial Number | E1: Booked Out
A2: ='List of HBM Equipment'!A196 -> Metex | B2: ='List of HBM Equipment'!B196 -> M-3650 | C2: CJ187818 | E2: Name | F2: Student Number | G2: Date Taken | H2: Date Returned
B5: Click to return to HOME

Sheet 189089
A1: Type | B1: Model | C1: Serial Number | E1: Booked Out
A2: ='List of HBM Equipment'!A195 -> Metex | B2: ='List of HBM Equipment'!B195 -> M-3850D | C2: 189089 | E2: Name | F2: Student Number | G2: Date Taken | H2: Date Returned
B5: Click to return to HOME

Sheet 2911A60173
A1: Type | B1: Model | C1: Serial Number | E1: Booked Out
A2: ='List of HBM Equipment'!A194 -> Hewlett Packard | B2: ='List of HBM Equipment'!B194 -> 3478A | C2: 2911A60173 | E2: Name | F2: Student Number | G2: Date Taken | H2: Date Returned
B5: Click to return to HOME

Sheet 723657
A1: Type | B1: Model | C1: Serial Number | E1: Booked Out
A2: ='List of HBM Equipment'!A193 -> Topward | B2: ='List of HBM Equipment'!B193 -> 1320 | C2: ='List of HBM Equipment'!C193 -> 723657 | E2: Name | F2: Student Number | G2: Date Taken | H2: Date Returned
B5: Click to return to HOME

Sheet 723652
A1: Type | B1: Model | C1: Serial Number | E1: Booked Out
A2: ='List of HBM Equipment'!A192 -> Topward | B2: ='List of HBM Equipment'!B192 -> 1320 | C2: ='List of HBM Equipment'!C192 -> 723652 | E2: Name | F2: Student Number | G2: Date Taken | H2: Date Returned
B5: Click to return to HOME

Sheet 723616
A1: Type | B1: Model | C1: Serial Number | E1: Booked Out
A2: ='List of HBM Equipment'!A191 -> Topward | B2: ='List of HBM Equipment'!B191 -> 1320 | C2: ='List of HBM Equipment'!C191 -> 723616 | E2: Name | F2: Student Number | G2: Date Taken | H2: Date Returned
B5: Click to return to HOME

Sheet 723642
A1: Type | B1: Model | C1: Serial Number | E1: Booked Out
A2: ='List of HBM Equipment'!A190 -> Topward | B2: ='List of HBM Equipment'!B190 -> 1320 | C2: 723642 | E2: Name | F2: Student Number | G2: Date Taken | H2: Date Returned
B5: Click to return to HOME

Sheet 149289
A1: Type | B1: Model | C1: Serial Number | E1: Booked Out
A2: ='List of HBM Equipment'!A189 -> Hewlett Packard | B2: ='List of HBM Equipment'!B189 -> 3478A | C2: 149289 | E2: Name | F2: Student Number | G2: Date Taken | H2: Date Returned
B5: Click to return to HOME

Sheet 2703A10565
A1: Type | B1: Model | C1: Serial Number | E1: Booked Out
A2: ='List of HBM Equipment'!A188 -> Hewlett Packard | B2: ='List of HBM Equipment'!B188 -> 3457A | C2: 2703A10565 | E2: Name | F2: Student Number | G2: Date Taken | H2: Date Returned
B5: Click to return to HOME

Sheet MY 54330020
A1: Type | B1: Model | C1: Serial Number | E1: Booked Out
A2: ='List of HBM Equipment'!A187 -> Keysight | B2: ='List of HBM Equipment'!B187 -> U3402A | C2: MY 54330020 | E2: Name | F2: Student Number | G2: Date Taken | H2: Date Returned
B5: Click to return to HOME

Sheet RS 327-0640
A1: Type | B1: Model | C1: Serial Number | E1: Booked Out
A2: ='List of HBM Equipment'!A183 -> Hot Wire Anemometer | B2: RS 327-0640 | C2: ='List of HBM Equipment'!C183 -> 842567 | E2: Name | F2: Student Number | G2: Date Taken | H2: Date Returned
B5: Click to return to HOME

Sheet UT 233
A1: Type | B1: Model | C1: Serial Number | E1: Booked Out
A2: ='List of HBM Equipment'!A179 -> UNI-T | B2: UT 233 | C2: ='List of HBM Equipment'!C179 -> S/N Digital Clamp Meter | E2: Name | F2: Student Number | G2: Date Taken | H2: Date Returned
B5: Click to return to HOME

Sheet GDS-1072-U
A1: Type | B1: Model | C1: Serial Number | E1: Booked Out
A2: ='List of HBM Equipment'!A168 -> GW Instek | B2: GDS-1072-U | C2: ='List of HBM Equipment'!C168 -> EL-170352 | E2: Name | F2: Student Number | G2: Date Taken | H2: Date Returned
B5: Click to return to HOME

Sheet D6350139
A1: Type | B1: Model | C1: Serial Number | E1: Booked Out
A2: ='List of HBM Equipment'!A175 -> Wavetek | B2: ='List of HBM Equipment'!B175 -> 21 | C2: D6350139 | E2: Name | F2: Student Number | G2: Date Taken | H2: Date Returned
B5: Click to return to HOME

Sheet TW11141
A1: Type | B1: Model | C1: Serial Number | E1: Booked Out
A2: ='List of HBM Equipment'!A174 -> Tektronix | B2: ='List of HBM Equipment'!B174 -> CFG250 | C2: TW11141 | E2: Name | F2: Student Number | G2: Date Taken | H2: Date Returned
B5: Click to return to HOME

Sheet 723970
A1: Type | B1: Model | C1: Serial Number | E1: Booked Out
A2: ='List of HBM Equipment'!A173 -> Topward | B2: ='List of HBM Equipment'!B173 -> 8120 | C2: 723970 | E2: Name | F2: Student Number | G2: Date Taken | H2: Date Returned
B5: Click to return to HOME

Sheet V-209
A1: Type | B1: Model | C1: Serial Number | E1: Booked Out
A2: ='List of HBM Equipment'!A167 -> Hitachi Denshi | B2: V-209 | C2: ='List of HBM Equipment'!C167 -> 5093628 | E2: Name | F2: Student Number | G2: Date Taken | H2: Date Returned
B5: Click to return to HOME

Sheet 723963
A1: Type | B1: Model | C1: Serial Number | E1: Booked Out
A2: ='List of HBM Equipment'!A172 -> Topward | B2: ='List of HBM Equipment'!B172 -> 8120 | C2: 723963 | E2: Name | F2: Student Number | G2: Date Taken | H2: Date Returned
E3: L Hanstein | F3: 25059483 | G3: 45755 | H3: OUTSTANDING

Sheet 2213
A1: Type | B1: Model | C1: Serial Number | E1: Booked Out
A2: ='List of HBM Equipment'!A166 -> TEKTRONIX | B2: 2213 | C2: ='List of HBM Equipment'!C166 -> 164219 | E2: Name | F2: Student Number | G2: Date Taken | H2: Date Returned
E3: M Randeree | G3: 21 Junie 2021 | H3: RETURNED
B5: Click to return to HOME

Sheet TDS2014C
A1: Type | B1: Model | C1: Serial Number | E1: Booked Out
A2: ='List of HBM Equipment'!A165 -> TEKTRONIX | B2: TDS2014C | C2: ='List of HBM Equipment'!C165 -> C011326 | E2: Name | F2: Student Number | G2: Date Taken | H2: Date Returned
E3: Carl-Hein Visser | F3: 20841450 | G3: 44414 | H3: 44355
E4: Carl-Hein Visser | F4: 20841450 | G4: 44418 | H4: 44477
B5: Click to return to HOME

Sheet TDS2014
A1: Type | B1: Model | C1: Serial Number | E1: Booked Out
A2: ='List of HBM Equipment'!A164 -> TEKTRONIX | B2: TDS2014 | C2: ='List of HBM Equipment'!C164 -> C039333 | E2: Name | F2: Student Number | G2: Date Taken | H2: Date Returned
H3: RETURNED
H4: RETURNED
B5: Click to return to HOME | E5: D. Lesch | F5: 24701785 | G5: 28/08/2025 | H5: OUTSTANDING

Sheet 450478
A1: Type | B1: Asset Number | C1: Serial Number | E1: Booked Out
A2: ='List of HBM Equipment'!A160 -> NI 9219 | B2: 450478 | C2: ='List of HBM Equipment'!C160 -> S/N 19C6AB6 | E2: Name | F2: Student Number | G2: Date Taken | H2: Date Returned
B5: Click to return to HOME

Sheet 451252
A1: Type | B1: Asset Number | C1: Serial Number | E1: Booked Out
A2: ='List of HBM Equipment'!A158 -> S220 - T8 | B2: 451252 | C2: ='List of HBM Equipment'!C158 -> S/N 8Channel | E2: Name | F2: Student Number | G2: Date Taken | H2: Date Returned
E3: J Ondiko | F3: 25683543 | G3: 26/08/2022 | H3: Returned
B5: Click to return to HOME

Sheet 451255
A1: Type | B1: Asset Number | C1: Serial Number | E1: Booked Out
A2: ='List of HBM Equipment'!A157 -> S220 - T8 | B2: 451255 | C2: ='List of HBM Equipment'!C157 -> S/N HT20102268 | E2: Name | F2: Student Number | G2: Date Taken | H2: Date Returned
B5: Click to return to HOME

Sheet 459356
A1: Type | B1: Asset Number | C1: Serial Number | E1: Booked Out
A2: ='List of HBM Equipment'!A156 -> S220 - T8 | B2: 459356 | C2: ='List of HBM Equipment'!C156 -> S/N 8Channel | E2: Name | F2: Student Number | G2: Date Taken | H2: Date Returned
E3: H Piwang | F3: 459356 | G3: 23/08/2022 | H3: OUTSTANDING
B5: Click to return to HOME

Sheet 459353
A1: Type | B1: Asset Number | C1: Serial Number | E1: Booked Out
A2: ='List of HBM Equipment'!A155 -> S220 - T8 | B2: 459353 | C2: ='List of HBM Equipment'!C155 -> S/N 8Channel | E2: Name | F2: Student Number | G2: Date Taken | H2: Date Returned
B5: Click to return to HOME

Sheet 451253
A1: Type | B1: Asset Number | C1: Serial Number | E1: Booked Out
A2: ='List of HBM Equipment'!A154 -> S220 - T8 | B2: 451253 | C2: ='List of HBM Equipment'!C154 -> S/N HT20102303 | E2: Name | F2: Student Number | G2: Date Taken | H2: Date Returned
B5: Click to return to HOME

Sheet 459354
A1: Type | B1: Asset Number | C1: Serial Number | E1: Booked Out
A2: ='List of HBM Equipment'!A152 -> S220 - T8 | B2: 459354 | C2: ='List of HBM Equipment'!C152 -> S/N HT20102329 | E2: Name | F2: Student Number | G2: Date Taken | H2: Date Returned
B5: Click to return to HOME

Sheet 459355
A1: Type | B1: Asset Number | C1: Serial Number | E1: Booked Out
A2: ='List of HBM Equipment'!A153 -> S220 - T8 | B2: 459355 | C2: ='List of HBM Equipment'!C153 -> S/N 8Channel | E2: Name | F2: Student Number | G2: Date Taken | H2: Date Returned
B5: Click to return to HOME

Sheet 0CAEZ01164120004865552
A1: Type | B1: Version | C1: License Number | E1: Booked Out
A2: ='List of HBM Equipment'!A138 -> CATMAN Easy | B2: ='List of HBM Equipment'!B138 -> 4.1.2 | C2: 0CAEZ01164120004865552 | E2: Name | F2: Student Number | G2: Date Taken | H2: Date Returned
B5: Click to return to HOME

Sheet 0CAEZ01164120004992237
A1: Type | B1: Version | C1: License Number | E1: Booked Out
A2: ='List of HBM Equipment'!A137 -> CATMAN Easy | B2: ='List of HBM Equipment'!B137 -> 4.1.2 | C2: 0CAEZ01164120004992237 | E2: Name | F2: Student Number | G2: Date Taken | H2: Date Returned
B5: Click to return to HOME

Sheet 0CAEZ01164120005020545
A1: Type | B1: Version | C1: License Number | E1: Booked Out
A2: ='List of HBM Equipment'!A136 -> CATMAN Easy | B2: ='List of HBM Equipment'!B136 -> 4.1.2 | C2: 0CAEZ01164120005020545 | E2: Name | F2: Student Number | G2: Date Taken | H2: Date Returned
B5: Click to return to HOME

Sheet 0CAEZ11185220005698682
A1: Type | B1: Version | C1: License Number | E1: Booked Out
A2: ='List of HBM Equipment'!A135 -> CATMAN Easy | B2: ='List of HBM Equipment'!B135 -> 5.2.2 | C2: 0CAEZ11185220005698682 | E2: Name | F2: Student Number | G2: Date Taken | H2: Date Returned
E3: P Haasbroek | G3: 44085 | H3: 44085
E4: Carl- Hein Visser | F4: 20841450 | G4: 44384 | H4: RETURNED
B5: Click to return to HOME | E5: Dale Corder | G5: 30/07/2021 | H5: RETURNED
E6: A Bothma | F6: 20305680 | G6: 30/09/2021 | H6: RETURNED
E7: Bea Wilson | F7: 22572775 | G7: 46056 | H7: OUTSTANDING

Sheet 0EAFU09133420002300892
A1: Type | B1: Version | C1: License Number | E1: Booked Out
A2: ='List of HBM Equipment'!A134 -> CATMAN AP | B2: ='List of HBM Equipment'!B134 -> Unknown | C2: 0EAFU09133420002300892 | E2: Name | F2: Student Number | G2: Date Taken | H2: Date Returned
B5: Click to return to HOME

Sheet 0EAFU09133420002262330
A1: Type | B1: Version | C1: License Number | E1: Booked Out
A2: ='List of HBM Equipment'!A133 -> CATMAN AP | B2: ='List of HBM Equipment'!B133 -> 3.4.2 | C2: 0EAFU09133420002262330 | E2: Name | F2: Student Number | G2: Date Taken | H2: Date Returned
E3: P Haasbroek | G3: 44085 | H3: 44085
B5: Click to return to HOME

Sheet 443756
A1: Type | B1: Asset Number | C1: Serial Number | D1: Range | F1: Booked Out
A2: ='List of HBM Equipment'!A129 -> 1-T5/100NM | B2: '443756'!A1 | C2: ='List of HBM Equipment'!C129 -> 163730073 | D2: ='List of HBM Equipment'!D129 -> T5-100Nm | F2: Name | G2: Student Number | H2: Date Taken | I2: Date Returned
B5: Click to return to HOME

Sheet 459955
A1: Type | B1: Asset Number | C1: Serial Number | D1: Range | F1: Booked Out
A2: ='List of HBM Equipment'!A128 -> 1-T22/100NM | B2: '459955'!A1 | C2: ='List of HBM Equipment'!C128 -> 215123560 | D2: ='List of HBM Equipment'!D128 -> T22-100Nm | F2: Name | G2: Student Number | H2: Date Taken | I2: Date Returned
F3: C van Rensburg | H3: 44139 | I3: RETURNED
F4: M Bouwer | G4: 20957785 | I4: RETURNED
B5: Click to return to HOME | F5: C Loedolff | G5: 21878439 | I5: 16/10/2023
F6: H Bisscoff | G6: 23840102 | H6: 16/10/2023 | I6: RETURNED
F7: N. Ammann | G7: 26623404 | H7: 45911 | I7: RETURNED

Sheet 459954
A1: Type | B1: Asset Number | C1: Serial Number | D1: Range | F1: Booked Out
A2: ='List of HBM Equipment'!A127 -> 1-T22/50NM | B2: '459954'!A1 | C2: ='List of HBM Equipment'!C127 -> 115123453 | D2: ='List of HBM Equipment'!D127 -> T22-50Nm | F2: Name | G2: Student Number | H2: Date Taken | I2: Date Returned
F3: T.Payne | G3: 20198906 | H3: 18/08/2020 | I3: 18/08/2020
F4: T.Payne | G4: 20198906 | H4: 43899 | I4: 44113
B5: Click to return to HOME | F5: RANDEREE | G5: 20836295 | H5: 44348 | I5: RETURNED
F6: HL Gouws | G6: 21700076 | H6: 22/03/2022 | I6: RETURNED
F7: Cobus Van Zyl | G7: 20858795 | H7: 44748 | I7: RETURNED
F8: Josua Van Tonder | G8: 21059721 | H8: 23/01/2023 | I8: 45055
F9: HC Janse Van Vuuren | G9: 21642478 | H9: 17/07/2024 | I9: RETURNED

Sheet 459953
A1: Type | B1: Asset Number | C1: Serial Number | D1: Range | F1: Booked Out
A2: ='List of HBM Equipment'!A126 -> 1-T22/20NM | B2: '459953'!A1 | C2: ='List of HBM Equipment'!C126 -> 215123578 | D2: ='List of HBM Equipment'!D126 -> T22-20Nm | F2: Name | G2: Student Number | H2: Date Taken | I2: Date Returned
F3: Bradley Jacobs | G3: 22791663 | H3: 25/05/2022 | I3: RETURNED
F4: HL Gouws | G4: 21700076 | H4: 44630 | I4: 16/11/2022
B5: Click to return to HOME | F5: Flood | G5: 23589086 | H5: 22/09/2023 | I5: 22/09/2023

Sheet 408766
A1: Type | B1: Asset Number | C1: Serial Number | D1: Range | F1: Booked Out
A2: ='List of HBM Equipment'!A122 -> 0 | B2: '408766'!A1 | C2: ='List of HBM Equipment'!C122 -> 123210170 | D2: ='List of HBM Equipment'!D122 -> WA-500mm-L | F2: Name | G2: Student Number | H2: Date Taken | I2: Date Returned
B5: Click to return to HOME

Sheet 443612
A1: Type | B1: Asset Number | C1: Serial Number | D1: Range | F1: Booked Out
A2: ='List of HBM Equipment'!A121 -> 0 | B2: '443612'!A1 | C2: ='List of HBM Equipment'!C121 -> 164910016 | D2: ='List of HBM Equipment'!D121 -> WA-300mm-L | F2: Name | G2: Student Number | H2: Date Taken | I2: Date Returned
F3: Katherine Nicholls | G3: 21694745 | H3: 44410 | I3: RETURNED
F4: C vd Westhuizen | G4: 24194379 | H4: 45777 | I4: RETURNED
B5: Click to return to HOME

Sheet 443755
A1: Type | B1: Asset Number | C1: Serial Number | D1: Range | F1: Booked Out
A2: ='List of HBM Equipment'!A119 -> 1-WA/100MM-L | B2: '443755'!A1 | C2: ='List of HBM Equipment'!C119 -> 173410051 | D2: ='List of HBM Equipment'!D119 -> WA-100mm-L | F2: Name | G2: Student Number | H2: Date Taken | I2: Date Returned
F3: Thomas Luyt | G3: 20862695 | H3: 21 /08/2020 | I3: RETURNED
F4: Thomas Luyt | G4: 20862695 | H4: 28/08/2020 | I4: RETURNED
B5: Click to return to HOME | F5: Dylan Heale | G5: 20198410 | H5: 15/08/2022 | I5: RETURNED
F6: J Bredell | G6: 13163094 | H6: 45329 | I6: RETURNED

Sheet 408765
A1: Type | B1: Asset Number | C1: Serial Number | D1: Range | F1: Booked Out
A2: ='List of HBM Equipment'!A120 -> 1-WA/300MM-L | B2: '408765'!A1 | C2: ='List of HBM Equipment'!C120 -> 123410528 | D2: ='List of HBM Equipment'!D120 -> WA-300mm-L | F2: Name | G2: Student Number | H2: Date Taken | I2: Date Returned
F3: MJ Bester | G3: 20731191 | H3: 44049 | I3: 44020
F4: MJ Bester | G4: 20731191 | H4: 44054 | I4: 44054
B5: Click to return to HOME | F5: J JBredell | G5: 13163094 | H5: 26/06/2024 | I5: RETURNED

Sheet 443754
A1: Type | B1: Asset Number | C1: Serial Number | D1: Range | F1: Booked Out
A2: ='List of HBM Equipment'!A118 -> 1-WA/100MM-L | B2: '443754'!A1 | C2: ='List of HBM Equipment'!C118 -> 173410050 | D2: ='List of HBM Equipment'!D118 -> WA-100mm-L | F2: Name | G2: Student Number | H2: Date Taken | I2: Date Returned
F3: R Aduke | I3: RETURNED
B5: Click to return to HOME

Sheet 459965
A1: Type | B1: Asset Number | C1: Serial Number | D1: Range | F1: Booked Out
A2: ='List of HBM Equipment'!A117 -> 1-WA/100MM-L | B2: '459965'!A1 | C2: ='List of HBM Equipment'!C117 -> 195010394 | D2: ='List of HBM Equipment'!D117 -> WA-100mm-L | F2: Name | G2: Student Number | H2: Date Taken | I2: Date Returned
F3: Dr. J Bredell | H3: 17/10/2022 | I3: RETURNED
F4: J Martin | G4: 23575387 | H4: 45757 | I4: RETURNED
B5: Click to return to HOME

Sheet 443611
A1: Type | B1: Asset Number | C1: Serial Number | D1: Range | F1: Booked Out
A2: ='List of HBM Equipment'!A116 -> 1-WA/50MM-L | B2: '443611'!A1 | C2: ='List of HBM Equipment'!C116 -> 173410237 | D2: ='List of HBM Equipment'!D116 -> WA-50mm-L | F2: Name | G2: Student Number | H2: Date Taken | I2: Date Returned
F3: CR Sauls | G3: 20778465 | H3: 14/10/2021 | I3: RETURNED
F4: Bea Wilson | G4: 22572775 | H4: 26/08/2022 | I4: RETURNED
B5: Click to return to HOME | F5: M Park | G5: 26724545 | H5: 13/02/2023 | I5: RETURNED
F6: J Martin | G6: 23575387 | H6: 45757 | I6: RETURNED
F7: MC Nimb | G7: 24776661 | H7: 28/08/2025 | I7: OUTSTANDING

Sheet 459964
A1: Type | B1: Asset Number | C1: Serial Number | D1: Range | F1: Booked Out
A2: ='List of HBM Equipment'!A115 -> 1-WA/50MM-L | B2: '459964'!A1 | C2: ='List of HBM Equipment'!C115 -> 195110133 | D2: ='List of HBM Equipment'!D115 -> WA-50mm-L | F2: Name | G2: Student Number | H2: Date Taken | I2: Date Returned
F3: T Payne | H3: 28/08/2020 | I3: RETURNED
F4: CR Sauls | G4: 20778465 | H4: 14/10/2021 | I4: RETURNED
B5: Click to return to HOME

Sheet 459963
A1: Type | B1: Asset Number | C1: Serial Number | D1: Range | F1: Booked Out
A2: ='List of HBM Equipment'!A114 -> 1- WA/20MM-L | B2: '459963'!A1 | C2: ='List of HBM Equipment'!C114 -> 194710158 | D2: ='List of HBM Equipment'!D114 -> WA-20mm-L | F2: Name | G2: Student Number | H2: Date Taken | I2: Date Returned
F3: Nielson | G3: 20282516 | H3: 21/09/2021 | I3: 21/09/2021
F4: M Blackwell | H4: 15/08/2022 | I4: 31/08/2022
B5: Click to return to HOME | F5: M Park | G5: 26724545 | H5: 16/03/2023 | I5: 24/03/2023
F6: Ndika | G6: 22753907 | H6: 27/03/2023 | I6: {=OFFSET('459965'!H$1, MAX(ROW('459965'!H:H)*('459965'!H:H<>"")-1),0)} -> 45757
F7: JM WAHL | G7: 25939114 | H7: 45908 | I7: OUTSTANDING

Sheet 443751
A1: Type | B1: Asset Number | C1: Serial Number | D1: Range | F1: Booked Out
A2: ='List of HBM Equipment'!A88 -> AE501 | B2: '443751'!A1 | C2: ='List of HBM Equipment'!C88 -> 819334204 | D2: ='List of HBM Equipment'!D88 -> - | F2: Name | G2: Student Number | H2: Date Taken | I2: Date Returned
F3: MC Nimb | G3: 24776661 | H3: 28/08/2025 | I3: OUTSTANDING
B5: Click to return to HOME

Sheet 443750
A1: Type | B1: Asset Number | C1: Serial Number | D1: Range | F1: Booked Out
A2: ='List of HBM Equipment'!A87 -> AE501 | B2: '443750'!A1 | C2: ='List of HBM Equipment'!C87 -> 0 | D2: ='List of HBM Equipment'!D87 -> - | F2: Name | G2: Student Number | H2: Date Taken | I2: Date Returned
B5: Click to return to HOME

Sheet 253345
A1: Type | B1: Asset Number | C1: Serial Number | D1: Range | F1: Booked Out
A2: ='List of HBM Equipment'!A86 -> AE501 | B2: '253345'!A1 | C2: ='List of HBM Equipment'!C86 -> 0 | D2: ='List of HBM Equipment'!D86 -> - | F2: Name | G2: Student Number | H2: Date Taken | I2: Date Returned
B5: Click to return to HOME

Sheet 253344
A1: Type | B1: Asset Number | C1: Serial Number | D1: Range | F1: Booked Out
A2: ='List of HBM Equipment'!A85 -> AE501 | B2: '253344'!A1 | C2: ='List of HBM Equipment'!C85 -> 0 | D2: ='List of HBM Equipment'!D85 -> - | F2: Name | G2: Student Number | H2: Date Taken | I2: Date Returned
B5: Click to return to HOME

Sheet 253342
A1: Type | B1: Asset Number | C1: Serial Number | D1: Range | F1: Booked Out
A2: ='List of HBM Equipment'!A84 -> AE501 | B2: '253342'!A1 | C2: ='List of HBM Equipment'!C84 -> 0 | D2: ='List of HBM Equipment'!D84 -> - | F2: Name | G2: Student Number | H2: Date Taken | I2: Date Returned
B5: Click to return to HOME

Sheet 253341
A1: Type | B1: Asset Number | C1: Serial Number | D1: Range | F1: Booked Out
A2: ='List of HBM Equipment'!A83 -> AE501 | B2: '253341'!A1 | C2: ='List of HBM Equipment'!C83 -> 0 | D2: ='List of HBM Equipment'!D83 -> - | F2: Name | G2: Student Number | H2: Date Taken | I2: Date Returned
B5: Click to return to HOME

Sheet 459974
A1: Type | B1: Asset Number | C1: Serial Number | D1: Range | F1: Booked Out
A2: ='List of HBM Equipment'!A82 -> AE501 | B2: '459974'!A1 | C2: ='List of HBM Equipment'!C82 -> 824734825 | D2: ='List of HBM Equipment'!D82 -> - | F2: Name | G2: Student Number | H2: Date Taken | I2: Date Returned
B5: Click to return to HOME

Sheet 459973
A1: Type | B1: Asset Number | C1: Serial Number | D1: Range | F1: Booked Out
A2: ='List of HBM Equipment'!A81 -> AE501 | B2: '459973'!A1 | C2: ='List of HBM Equipment'!C81 -> 824734824 | D2: ='List of HBM Equipment'!D81 -> - | F2: Name | G2: Student Number | H2: Date Taken | I2: Date Returned
B5: Click to return to HOME

Sheet 459972
A1: Type | B1: Asset Number | C1: Serial Number | D1: Range | F1: Booked Out
A2: ='List of HBM Equipment'!A80 -> AE501 | B2: '459972'!A1 | C2: ='List of HBM Equipment'!C80 -> 824734823 | D2: ='List of HBM Equipment'!D80 -> - | F2: Name | G2: Student Number | H2: Date Taken | I2: Date Returned
B5: Click to return to HOME

Sheet 459971
A1: Type | B1: Asset Number | C1: Serial Number | D1: Range | F1: Booked Out
A2: ='List of HBM Equipment'!A79 -> AE501 | B2: '459971'!A1 | C2: ='List of HBM Equipment'!C79 -> 824734801 | D2: ='List of HBM Equipment'!D79 -> - | F2: Name | G2: Student Number | H2: Date Taken | I2: Date Returned
F3: B Ndika | I3: RETURNED
B5: Click to return to HOME

Sheet 253340
A1: Type | B1: Asset Number | C1: Serial Number | D1: Range | F1: Booked Out
A2: ='List of HBM Equipment'!A78 -> AE501 | B2: '253340'!A1 | C2: ='List of HBM Equipment'!C78 -> 0 | D2: ='List of HBM Equipment'!D78 -> - | F2: Name | G2: Student Number | H2: Date Taken | I2: Date Returned
B5: Click to return to HOME

Sheet 253343
A1: Type | B1: Asset Number | C1: Serial Number | D1: Range | F1: Booked Out
A2: ='List of HBM Equipment'!A77 -> AE501 | B2: '253343'!A1 | C2: ='List of HBM Equipment'!C77 -> 0 | D2: ='List of HBM Equipment'!D77 -> - | F2: Name | G2: Student Number | H2: Date Taken | I2: Date Returned
B5: Click to return to HOME

Sheet 485265
A1: Type | B1: Asset Number | C1: Serial Number | D1: Range | F1: Booked Out
A2: ='List of HBM Equipment'!A75 -> AE301 | B2: '485265'!A1 | C2: ='List of HBM Equipment'!C75 -> 0 | D2: ='List of HBM Equipment'!D75 -> - | F2: Name | G2: Student Number | H2: Date Taken | I2: Date Returned
B5: Click to return to HOME

Sheet 485264
A1: Type | B1: Asset Number | C1: Serial Number | D1: Range | F1: Booked Out
A2: ='List of HBM Equipment'!A74 -> AE301 | B2: '485264'!A1 | C2: ='List of HBM Equipment'!C74 -> 0 | D2: ='List of HBM Equipment'!D74 -> - | F2: Name | G2: Student Number | H2: Date Taken | I2: Date Returned
B5: Click to return to HOME

Sheet 485263
A1: Type | B1: Asset Number | C1: Serial Number | D1: Range | F1: Booked Out
A2: ='List of HBM Equipment'!A73 -> AE301 | B2: '485263'!A1 | C2: ='List of HBM Equipment'!C73 -> 0 | D2: ='List of HBM Equipment'!D73 -> - | F2: Name | G2: Student Number | H2: Date Taken | I2: Date Returned
F3: Ruan Louw | G3: 22558798 | H3: 14/09/2022 | I3: 44905
B5: Click to return to HOME

Sheet 485262
A1: Type | B1: Asset Number | C1: Serial Number | D1: Range | F1: Booked Out
A2: ='List of HBM Equipment'!A72 -> AE301 | B2: '485262'!A1 | C2: ='List of HBM Equipment'!C72 -> 0 | D2: ='List of HBM Equipment'!D72 -> - | F2: Name | G2: Student Number | H2: Date Taken | I2: Date Returned
B5: Click to return to HOME

Sheet 485261
A1: Type | B1: Asset Number | C1: Serial Number | D1: Range | F1: Booked Out
A2: ='List of HBM Equipment'!A71 -> AE301 | B2: '485261'!A1 | C2: ='List of HBM Equipment'!C71 -> 0 | D2: ='List of HBM Equipment'!D71 -> - | F2: Name | G2: Student Number | H2: Date Taken | I2: Date Returned
B5: Click to return to HOME

Sheet 443752
A1: Type | B1: Asset Number | C1: Serial Number | D1: Range | F1: Booked Out
A2: ='List of HBM Equipment'!A70 -> AE301 | B2: '443752'!A1 | C2: ='List of HBM Equipment'!C70 -> 819402717 | D2: ='List of HBM Equipment'!D70 -> - | F2: Name | G2: Student Number | H2: Date Taken | I2: Date Returned
B5: Click to return to HOME

Sheet 253339
A1: Type | B1: Asset Number | C1: Serial Number | D1: Range | F1: Booked Out
A2: ='List of HBM Equipment'!A69 -> AE301 | B2: '253339'!A1 | C2: ='List of HBM Equipment'!C69 -> 0 | D2: ='List of HBM Equipment'!D69 -> - | F2: Name | G2: Student Number | H2: Date Taken | I2: Date Returned
B5: Click to return to HOME

Sheet 443753
A1: Type | B1: Asset Number | C1: Serial Number | D1: Range | F1: Booked Out
A2: ='List of HBM Equipment'!A68 -> AE301 | B2: '443753'!A1 | C2: ='List of HBM Equipment'!C68 -> 819402718 | D2: ='List of HBM Equipment'!D68 -> - | F2: Name | G2: Student Number | H2: Date Taken | I2: Date Returned
B5: Click to return to HOME

Sheet 459970
A1: Type | B1: Asset Number | C1: Serial Number | D1: Range | F1: Booked Out
A2: ='List of HBM Equipment'!A67 -> AE301 | B2: '459970'!A1 | C2: ='List of HBM Equipment'!C67 -> 824761032 | D2: ='List of HBM Equipment'!D67 -> - | F2: Name | G2: Student Number | H2: Date Taken | I2: Date Returned
B5: Click to return to HOME

Sheet 459969
A1: Type | B1: Asset Number | C1: Serial Number | D1: Range | F1: Booked Out
A2: ='List of HBM Equipment'!A66 -> AE301 | B2: '459969'!A1 | C2: ='List of HBM Equipment'!C66 -> 824761015 | D2: ='List of HBM Equipment'!D66 -> - | F2: Name | G2: Student Number | H2: Date Taken | I2: Date Returned
B5: Click to return to HOME

Sheet 459968
A1: Type | B1: Asset Number | C1: Serial Number | D1: Range | F1: Booked Out
A2: ='List of HBM Equipment'!A65 -> AE301 | B2: '459968'!A1 | C2: ='List of HBM Equipment'!C65 -> 824761014 | D2: ='List of HBM Equipment'!D65 -> - | F2: Name | G2: Student Number | H2: Date Taken | I2: Date Returned
B5: Click to return to HOME

Sheet 459967
A1: Type | B1: Asset Number | C1: Serial Number | D1: Range | F1: Booked Out
A2: ='List of HBM Equipment'!A64 -> AE301 | B2: ='List of HBM Equipment'!B63 -> Asset Number | C2: ='List of HBM Equipment'!C64 -> 824761013 | D2: ='List of HBM Equipment'!D64 -> - | F2: Name | G2: Student Number | H2: Date Taken | I2: Date Returned
B5: Click to return to HOME

Sheet 459957
A1: Type | B1: Asset Number | C1: Serial Number | D1: Range | F1: Booked Out
A2: ='List of HBM Equipment'!A99 -> MX440B | B2: '459957'!A1 | C2: ='List of HBM Equipment'!C99 -> 0009E5007AOA | D2: ='List of HBM Equipment'!D99 -> 4-Channel | F2: Name | G2: Student Number | H2: Date Taken | I2: Date Returned
F3: MJ Bester | G3: 20731191 | H3: 44049 | I3: 44020
F4: MJ Bester | G4: 20731191 | H4: 11 /08/2020 | I4: 44143
B5: Click to return to HOME | F5: Gareth Ramsay | G5: 20144652 | H5: 44052 | I5: 44144
F6: Petrus Haasboek | H6: 44144 | I6: 44085
F7: P Van der Merwe | G7: 20747470 | H7: 17/09/2020 | I7: 17/09/2020
F8: P Van der Merwe | G8: 20747470 | H8: 18/09/2020 | I8: 18/09/2020
F9: P Van der Merwe | G9: 20747470 | H9: 21/09/2020 | I9: RETURNED
F10: MK Oosthuizen | G10: 20740905 | I10: RETURNED
F11: RANDEREE | G11: 20836295 | H11: 44348 | I11: RETURNED
F12: T Hettash | G12: 21863385 | H12: 20/09/2021 | I12: 28/09/2021
F13: A Bothma | G13: 20305680 | H13: 29/09/2021 | I13: RETURNED
F14: Trafford | G14: 20144695 | H14: 13/12/2021 | I14: 44898
F15: M Bouwer | G15: 209587785 | H15: 16/05/2022 | I15: Returned
F16: R Koekemoer | G16: 20761627 | H16: 24/05/2022 | I16: Returned
F17: M Blackwell | G17: 21587612 | H17: 15/08/2022 | I17: 31/08/2022
F18: JM SCHAAR CAMPBELL | G18: 22862609 | H18: 14/09/2022 | I18: 19/09/2022
F19: JM SCHAAR CAMPBELL | G19: 22862609 | I19: returned
F20: Philip Ligthart | G20: 21031193 | H20: 44661 | I20: 44722
F21: L Kordom | H21: 17/10/2022 | I21: 19/10/2022
F22: W Ellerbeck | G22: 20218656 | H22: 25/10/2022 | I22: RETURNED
F23: Ndika | G23: 22753907 | H23: 27/03/2023 | I23: 45024
F24: R Aduke | G24: 25693263 | H24: 29/08/2023 | I24: RETURNED
F25: Daniel Raats | G25: 21645655 | H25: 25/01/2024 | I25: RETURNED
F26: C Vd Westhuizen | G26: 24194379 | H26: 45777 | I26: RETURNED
F27: JM Wahl | G27: 25939114 | H27: 45908 | I27: RETURNED

Sheet 443757
A1: Type | B1: Asset Number | C1: Serial Number | D1: Range | F1: Booked Out
A2: ='List of HBM Equipment'!A98 -> MX1609 | B2: '443757'!A1 | C2: ='List of HBM Equipment'!C98 -> 0009E50044F1 | D2: ='List of HBM Equipment'!D98 -> 6-Channel Thermocouple | F2: Name | G2: Student Number | H2: Date Taken | I2: Date Returned
F3: Tamara Allen | G3: 19944306 | H3: 44414 | I3: RETURNED
B5: Click to return to HOME

Sheet 450521
A1: Type | B1: Asset Number | C1: Serial Number | D1: Range | F1: Booked Out
A2: ='List of HBM Equipment'!A97 -> MX1601B | B2: '450521'!A1 | C2: ='List of HBM Equipment'!C97 -> 801218167 | D2: ='List of HBM Equipment'!D97 -> 16-Channel | F2: Name | G2: Student Number | H2: Date Taken | I2: Date Returned
F3: Pierre v.d Merwe | G3: 19907087 | H3: 43990 | I3: 43990
F4: Pierre v.d Merwe | G4: 19907087 | H4: 44054 | I4: 44143
B5: Click to return to HOME | F5: Pierre v.d Merwe | G5: 19907087 | H5: 17/08/2020 | I5: 17/08/2020
F6: Pierre v.d Merwe | G6: 19907087 | H6: 24/08/2020 | I6: 24/08/2020
F7: Pierre v.d Merwe | G7: 19907087 | H7: 27/08/2020 | I7: 27/08/2020
F8: Pierre v.d Merwe | G8: 19907087 | H8: 28/08/2020 | I8: 28/08/2020
F9: B Nickerson | H9: 44052 | I9: returned
F10: P Haasbroek | H10: 21/09/2020 | I10: 22/09/2020
F11: CT van Rensburg | G11: 19840918 | H11: 44116 | I11: 15/10/2020
F12: Pierre v.d Merwe | G12: 19907087 | H12: 15/10/2020 | I12: 15/10/2020
F13: P Van der Merwe | G13: 20747470 | H13: 27/10/2020 | I13: RETURNED
F14: BJ Steyn | G14: 19809115 | H14: 27/10/2020 | I14: Returned
F15: CT van Rensburg | G15: 19840918 | H15: 44326 | I15: RETURNED
F16: TO Le Roux | G16: 20713584 | H16: 44600 | I16: RETURNED
F17: DR Adams | G17: 20299028 | H17: 30/08/2022 | I17: 19/10/2022

Sheet 485408
A1: Type | B1: Asset Number | C1: Serial Number | D1: Range | F1: Booked Out
A2: ='List of HBM Equipment'!A96 -> MX440B | B2: '485408'!A1 | C2: ='List of HBM Equipment'!C96 -> 0009E500E684 | D2: ='List of HBM Equipment'!D96 -> 4-Channel | F2: Name | G2: Student Number | H2: Date Taken | I2: Date Returned
B5: Click to return to HOME

Sheet 466921
A1: Type | B1: Asset Number | C1: Serial Number | D1: Range | F1: Booked Out
A2: ='List of HBM Equipment'!A95 -> MX440B | B2: '466921'!A1 | C2: ='List of HBM Equipment'!C95 -> 0009E5007DDB | D2: ='List of HBM Equipment'!D95 -> 4-Channel | F2: Name | G2: Student Number | H2: Date Taken | I2: Date Returned
F3: GA Ramsay | G3: 20144652 | H3: 24/08/2020 | I3: 24/08/2020
F4: Thomas Luyt | G4: 20862695 | H4: 28/08/2020 | I4: 28/08/2020
B5: Click to return to HOME | F5: GA Ramsay | G5: 20144652 | H5: 17/09/2020 | I5: Returned
F6: BJ Steyn | G6: 19809115 | I6: Returned
F7: Katherine Nicholls | G7: 21694745 | H7: 29/07/2021 | I7: 44410
F8: Katherine Nicholls | G8: 21694745 | H8: 44410 | I8: RETURNED
F9: Katherine Nicholls | G9: 21694745 | H9: 21/09/2021 | I9: 21/09/2021
F10: Katherine Nicholls | G10: 21694745 | H10: 29/09/2021 | I10: RETURNED
F11: Convoy | H11: 13/10/2021 | I11: RETURNED
F12: M Bouwer | G12: 20957785 | H12: 13/05/2022 | I12: 13/05/2022
F13: Matthew Blackwell | H13: 16/08/2022 | I13: 44570
F14: Cobus Van Zyl | G14: 20858795 | H14: 44811 | I14: 19/10/2022
F15: Josua Van Tonder | G15: 21059721 | H15: 28/02/2023 | I15: RETURNED
F16: James Ralph | H16: 20/04/2023 | I16: Returned
F17: Nico Erasmus | G17: 21705585 | H17: 45083 | I17: 45237
F18: JJ Esterhuizen | G18: 20909004 | H18: 45239 | I18: RETURNED
F19: EM LOUW | G19: 24817236 | H19: 45915 | I19: OUTSTANDING

Sheet 459956
A1: Type | B1: Asset Number | C1: Serial Number | D1: Range | F1: Booked Out
A2: ='List of HBM Equipment'!A94 -> MX840B | B2: '459956'!A1 | C2: ='List of HBM Equipment'!C94 -> 0009E5007DD | D2: ='List of HBM Equipment'!D94 -> 8-Channel | F2: Name | G2: Student Number | H2: Date Taken | I2: Date Returned
F3: JW van Santen | G3: 18326498 | H3: 44028 | I3: RETURNED
F4: Tamara Allen | G4: 19944306 | H4: 44414 | I4: 16/09/2021
B5: Click to return to HOME | F5: Ninsel Park | G5: 26724545 | H5: 29/03/2022 | I5: 44655
F6: Nico Erasmus | G6: 21705585 | H6: 29/08/2022 | I6: 16/09/2022
F7: Dawie Van Niekerk | G7: 21020159 | H7: 21/09/2022 | I7: 21/09/2022
F8: Dawie Van Niekerk | G8: 21020159 | H8: 22/09/2022 | I8: 44844
F9: Josua Van Tonder | G9: 21059721 | H9: 27/02/2023 | I9: RETURNED
F10: Nico Erasmus | G10: 21705585 | H10: 27/02/2023 | I10: RETURNED
F11: R Aduke | H11: 27/02/2023 | I11: RETURNED
F12: Smith | G12: 23224053 | H12: 45203 | I12: RETURNED
F13: Conrad Le Roux | G13: 22689257 | H13: 45509 | I13: RETURNED
F14: James Ralph | G14: 23233737 | H14: 15/07/2024 | I14: RETURNED

Sheet 441960
A1: Type | B1: Asset Number | C1: Serial Number | D1: Range | F1: Booked Out
A2: ='List of HBM Equipment'!A91 -> Type | B2: '441960'!A1 | C2: ='List of HBM Equipment'!C93 -> 0009E5004B96 | D2: ='List of HBM Equipment'!D93 -> 4-Channel | F2: Name | G2: Student Number | H2: Date Taken | I2: Date Returned
F3: P Haasbroek | H3: 21/09/2020 | I3: 22/09/2020
F4: C van Rensburg | H4: 43932 | I4: RETURNED
B5: Click to return to HOME | F5: HL Gouws | G5: 21750076 | H5: 16/09/2021 | I5: RETURNED
F6: NV van Jaarsveld | G6: 20845227 | H6: 13/01/20222 | I6: 44746
F7: F Boshoff | G7: 19961863 | H7: 24/05/2022 | I7: 25/05/2022
F8: Christiaan Loedolf | G8: 21878429 | H8: 29/08/2022 | I8: 24/10/2022
F9: HL Gouws | G9: 21750076 | H9: 24/10/2022 | I9: RETURNED
F10: Christiaan Loedolf | G10: 21878429 | H10: 23/11/2022 | I10: RETURNED
F11: HC Janse Van Vuuren | G11: 21642478 | H11: 16/07/2024 | I11: RETURNED
F12: PC Swanepoel | G12: 16622766 | H12: 45761 | I12: OUTSTANDING

Sheet 443758
A1: Type | B1: Asset Number | C1: Serial Number | D1: Range | F1: Booked Out
A2: ='List of HBM Equipment'!A92 -> MX410 | B2: '441960'!A1 | C2: ='List of HBM Equipment'!C92 -> 0009E5004CE6 | D2: ='List of HBM Equipment'!D92 -> 4-Channel | F2: Name | G2: Student Number | H2: Date Taken | I2: Date Returned
F3: Dale Corder | G3: 21599270 | H3: 29/07/2021 | I3: RETURNED
F4: NickTutt | G4: 19792605 | H4: 44413 | I4: 44477
B5: Click to return to HOME | F5: NickTutt | I5: RETURNED
F6: W Ellerbeck | H6: 15/02/2022 | I6: RETURNED
F7: Matthew Blackwell | G7: 21587612 | H7: 28/03/2022 | I7: RETURNED
F8: H Roux | G8: 22536612 | H8: 44813 | I8: 44813
F9: I RECH | G9: 19411804 | H9: 14/09/2022 | I9: 44630
F10: 22594671 | G10: D Sheni | H10: 44630
F11: Hannes Koekemoer | G11: 21629366 | H11: 18/10/2022 | I11: RETURNED
F12: Llewellyn Kordom | G12: 22793429 | I12: 45114
F13: Caroline De Villiers | G13: 23651490 | H13: 45237 | I13: 45207
F14: JD Van Tonder | G14: 20380283 | H14: 15/08/2023 | I14: RETURNED
F15: T Bezuidenhout | G15: 24814555 | H15: 45505 | I15: RETURNED
G16: 23648341 | H16: 18/08/2025 | I16: RETURNED
F17: SJ NOland | G17: 3581662 | H17: 45917 | I17: RETURNED

Sheet 443747
A1: Type | B1: Asset Number | C1: Serial Number | D1: Range | F1: Booked Out
A2: ='List of HBM Equipment'!A33 -> Z-Type SM2 | B2: '443747'!A1 | C2: ='List of HBM Equipment'!C33 -> 31127531 | D2: ='List of HBM Equipment'!D33 -> 5kN - 500kg | F2: Name | G2: Student Number | H2: Date Taken | I2: Date Returned
F3: C Hersbt | H3: 43959 | I3: RETURNED
F4: Malatsi | G4: 21809453 | H4: 24/08/2022 | I4: 17/10/2022
B5: Click to return to HOME | F5: Josua Van Tonder | G5: 21059721 | H5: 19/01/2023 | I5: 23/01/2023
F6: Z Panjwani | G6: 22613218 | H6: 13/07/2023 | I6: 17/07/2023
F7: Z Panjwani | G7: 22613218 | H7: 19/07/2023 | I7: 19/07/2023
F8: PC SWanepoel | G8: 16622766 | H8: 45756 | I8: RETURNED

Sheet 443746
A1: Type | B1: Asset Number | C1: Serial Number | D1: Range | F1: Booked Out
A2: ='List of HBM Equipment'!A32 -> Z-Type SM2 | B2: '443746'!A1 | C2: ='List of HBM Equipment'!C32 -> 31127524 | D2: ='List of HBM Equipment'!D32 -> 5kN - 500kg | F2: Name | G2: Student Number | H2: Date Taken | I2: Date Returned
F3: MJ Bester | G3: 20731191 | H3: 44049 | I3: 44020
F4: MJ Bester | G4: 20731191 | H4: 44054 | I4: 11 /08/2020
B5: Click to return to HOME | F5: Mattew Blackwell | G5: 21587612 | H5: 44624 | I5: 44654
F6: Mattew Blackwell | G6: 21587612 | H6: 15/03/2022 | I6: 15/03/2022
F7: Wian Erasmus | G7: 18269850 | H7: 17/03/2022 | I7: 44716
F8: Josua Van Tonder | G8: 21059721 | H8: 45264 | I8: 18/07/2023
F9: PC Swanepoel | G9: 16622766 | H9: 45758 | I9: RETURNED

Sheet 443748
A1: Type | B1: Asset Number | C1: Serial Number | D1: Range | F1: Booked Out
A2: ='List of HBM Equipment'!A30 -> Z-Type SM2 | B2: '443748'!A1 | C2: ='List of HBM Equipment'!C30 -> 31137976 | D2: ='List of HBM Equipment'!D30 -> 1kN - 100kg | F2: Name | G2: Student Number | H2: Date Taken | I2: Date Returned
B5: Click to return to HOME

Sheet 443745
A1: Type | B1: Asset Number | C1: Serial Number | D1: Range | F1: Booked Out
A2: ='List of HBM Equipment'!A29 -> Z-Type SM2 | B2: '443745'!A1 | C2: ='List of HBM Equipment'!C29 -> 31050691 | D2: ='List of HBM Equipment'!D29 -> 1kN - 100kg | F2: Name | G2: Student Number | H2: Date Taken | I2: Date Returned
F3: Steenkamp | G3: 19777701 | H3: 44443 | I3: 18/05/2021
F4: Vlok Van Jaarsveld | G4: 20845227 | H4: 16/02/2022 | I4: OUTSTANDING
B5: Click to return to HOME | F5: Wian Erasmus | G5: 18269850 | H5: 44807 | I5: 44716
F6: Vlok Van Jaarsveld | G6: 20845227 | I6: OUTSTANDING
F7: Vlok Van Jaarsveld | G7: 20845227 | H7: 19/07/2022 | I7: OUTSTANDING
F8: Ivano Rech | G8: 19411804 | H8: 15/08/2022 | I8: Returned
F9: Dewan Pietersen | G9: 22617752 | H9: 19/08/2022 | I9: RETURNED
F10: Dewan Pietersen | G10: 22617752 | H10: 21/09/2022 | I10: 28/09/2022
F11: Ivano Rech | G11: 19411804 | H11: 28/09/2022 | I11: 44661
F12: Jandre Hanekom | G12: 20864493 | H12: 19/10/2022 | I12: RETURNED
F13: Josua Van Tonder | G13: 21059721 | H13: 19/01/2023 | I13: RETURNED
F14: Nadeem Davids | G14: 21160503 | H14: 26/04/2023 | I14: 44962
F15: Nadeem Davids | G15: 21160503 | H15: 45149 | I15: 14/08/2023

Sheet 443744
A1: Type | B1: Asset Number | C1: Serial Number | D1: Range | F1: Booked Out
A2: =#REF! -> #REF! | B2: '443609'!A1 | D2: =#REF! -> #REF! | F2: Name | G2: Student Number | H2: Date Taken | I2: Date Returned
F3: Prof C Coetzee | H3: 44176 | I3: 44176
F4: J Wasserfall | G4: 20689810 | H4: 44420 | I4: 16/08/2021
B5: Click to return to HOME | F5: J Wasserfall | G5: 20689810 | I5: 44418
F6: NV van Jaarsveld | G6: 20845227 | H6: 13/01/20222 | I6: RETURNED
F7: Josua Van Tonder | G7: 21059721 | H7: 16/09/2022 | I7: 45055

Sheet 443743
A1: Type | B1: Asset Number | C1: Serial Number | D1: Range | F1: Booked Out
A2: ='List of HBM Equipment'!A26 -> Z-Type SM2 | B2: '443743'!A1 | C2: ='List of HBM Equipment'!C26 -> 02917896 | D2: ='List of HBM Equipment'!D26 -> 200N - 20kg | F2: Name | G2: Student Number | H2: Date Taken | I2: Date Returned
B5: Click to return to HOME

Sheet 443742
A1: Type | B1: Asset Number | C1: Serial Number | D1: Range | F1: Booked Out
A2: ='List of HBM Equipment'!A25 -> Z-Type SM2 | B2: '443742'!A1 | C2: ='List of HBM Equipment'!C25 -> 02917886 | D2: ='List of HBM Equipment'!D25 -> 200N - 20kg | F2: Name | G2: Student Number | H2: Date Taken | I2: Date Returned
F3: Thomas Luyt | G3: 20862695 | H3: 28/08/2020 | I3: 28/08/2020
F4: Je Rossouw | G4: 20803788 | H4: 44139 | I4: Back
B5: Click to return to HOME | F5: Steenkamp | G5: 19777701 | H5: 44443
F6: J Wasserfall | G6: 20689810 | H6: 44386 | I6: 44418
F7: CR Sauls | G7: 20778465 | H7: 14/10/2021 | I7: OUTSTANDING

Sheet 443741
A1: Type | B1: Asset Number | C1: Serial Number | D1: Range | F1: Booked Out
A2: ='List of HBM Equipment'!A24 -> Z-Type SM2 | B2: '443741'!A1 | C2: ='List of HBM Equipment'!C24 -> 02917885 | D2: ='List of HBM Equipment'!D24 -> 200N - 20kg | F2: Name | G2: Student Number | H2: Date Taken | I2: Date Returned
B5: Click to return to HOME

Sheet 443740
A1: Type | B1: Asset Number | C1: Serial Number | D1: Range | F1: Booked Out
A2: ='List of HBM Equipment'!A22 -> Z-Type SM2 | B2: '443740'!A1 | C2: ='List of HBM Equipment'!C22 -> 02718808 | D2: ='List of HBM Equipment'!D22 -> 100N - 10kg | F2: Name | G2: Student Number | H2: Date Taken | I2: Date Returned
F3: J Van Zyl | G3: 20858795 | H3: 18/08/2022 | I3: 26/04/2023
B5: Click to return to HOME

Sheet 443739
A1: Type | B1: Asset Number | C1: Serial Number | D1: Range | F1: Booked Out
A2: ='List of HBM Equipment'!A21 -> Z-Type SM2 | B2: '443739'!A1 | C2: ='List of HBM Equipment'!C21 -> 02718813 | D2: ='List of HBM Equipment'!D21 -> 100N - 10kg | F2: Name | G2: Student Number | H2: Date Taken | I2: Date Returned
F3: HL.GOUWS | G3: 21700076 | H3: 44630 | I3: RETURNED
F4: James Ralph | G4: 19904150 | H4: 44962 | I4: 45023
B5: Click to return to HOME | F5: R Aduke | G5: 25693263 | H5: 29/08/2023 | I5: RETURNED
F6: JJ Esterhuizen | G6: 20909004 | H6: 45239 | I6: RETURNED
F7: E Stockhalm | G7: 23648341 | H7: 20/08/2025 | I7: OUTSTANDING

Sheet 443738
A1: Type | B1: Asset Number | C1: Serial Number | D1: Range | F1: Booked Out
A2: ='List of HBM Equipment'!A20 -> Z-Type SM2 | B2: '443738'!A1 | C2: ='List of HBM Equipment'!C20 -> 02718704 | D2: ='List of HBM Equipment'!D20 -> 100N - 10kg | F2: Name | G2: Student Number | H2: Date Taken | I2: Date Returned
B5: Click to return to HOME

Sheet 443737
A1: Type | B1: Asset Number | C1: Serial Number | D1: Range | F1: Booked Out
A2: ='List of HBM Equipment'!A19 -> Z-Type SM2 | B2: '443737'!A1 | C2: ='List of HBM Equipment'!C19 -> 02549146 | D2: ='List of HBM Equipment'!D19 -> 100N - 10kg | F2: Name | G2: Student Number | H2: Date Taken | I2: Date Returned
B5: Click to return to HOME

Sheet 443610
A1: Type | B1: Asset Number | C1: Serial Number | D1: Range | F1: Booked Out
A2: ='List of HBM Equipment'!A17 -> Z-Type SM2 | B2: '443610'!A1 | C2: ='List of HBM Equipment'!C17 -> 02918017 | D2: ='List of HBM Equipment'!D17 -> 50N - 5kg | F2: Name | G2: Student Number | H2: Date Taken | I2: Date Returned
F3: G Stephan | G3: 20150679 | H3: 15/09/2020 | I3: 29/01/2021
B5: Click to return to HOME

Sheet 443736
A1: Type | B1: Asset Number | C1: Serial Number | D1: Range | F1: Booked Out
A2: ='List of HBM Equipment'!A16 -> Z-Type SM2 | B2: '443736'!A1 | C2: ='List of HBM Equipment'!C16 -> 02918009 | D2: ='List of HBM Equipment'!D16 -> 50N - 5kg | F2: Name | G2: Student Number | H2: Date Taken | I2: Date Returned
F3: J Van Tonder | G3: 21059721 | H3: /09/2022 | I3: 16/09/2022
F4: L De Wet | G4: 23743468 | H4: 21/08/2023 | I4: RETURNED
B5: Click to return to HOME

Sheet 443735
A1: Type | B1: Asset Number | C1: Serial Number | D1: Range | F1: Booked Out
A2: ='List of HBM Equipment'!A15 -> Z-Type SM2 | B2: '443735'!A1 | C2: ='List of HBM Equipment'!C15 -> 02718686 | D2: ='List of HBM Equipment'!D15 -> 50N - 5kg | F2: Name | G2: Student Number | H2: Date Taken | I2: Date Returned
F3: G Stephan | G3: 20150679 | H3: 15/09/2020 | I3: RETURNED
F4: A Botha | G4: 20305680 | H4: 29/09/2021 | I4: RETURNED
B5: Click to return to HOME | F5: J Van Zyl | G5: 20858795 | H5: 44812 | I5: RETURNED
F6: L De Wet | G6: 23743468 | I6: RETURNED

Sheet 443734
A1: Type | B1: Asset Number | C1: Serial Number | D1: Range | F1: Booked Out
A2: ='List of HBM Equipment'!A14 -> Z-Type SM2 | B2: '443734'!A1 | C2: ='List of HBM Equipment'!C14 -> 02718733 | D2: ='List of HBM Equipment'!D14 -> 50N - 5kg | F2: Name | G2: Student Number | H2: Date Taken | I2: Date Returned
F3: Steenkamp | G3: 19777701 | H3: 44443 | I3: 18/05/2021
B5: Click to return to HOME

Sheet 443733
A1: Type | B1: Asset Number | C1: Serial Number | D1: Range | F1: Booked Out
A2: ='List of HBM Equipment'!A13 -> Z-Type SM2 | B2: '443733'!A1 | C2: ='List of HBM Equipment'!C13 -> 02718726 | D2: ='List of HBM Equipment'!D13 -> 50N - 5kg | F2: Name | G2: Student Number | H2: Date Taken | I2: Date Returned
F3: C. Hebst | I3: RETURNED
F4: AV Covoy | G4: 19774869 | H4: 44540 | I4: RETURNED
B5: Click to return to HOME

Sheet 408764
A1: Type | B1: Asset Number | C1: Serial Number | D1: Range | F1: Booked Out
A2: ='List of HBM Equipment'!A9 -> Round Type | B2: '408764'!A1 | C2: ='List of HBM Equipment'!C9 -> 083931 | D2: ='List of HBM Equipment'!D9 -> 1kN - 100kg | F2: Name | G2: Student Number | H2: Date Taken | I2: Date Returned
B5: Click to return to HOME

Sheet 485376
A1: Type | B1: Asset Number | C1: Serial Number | D1: Range | F1: Booked Out
A2: ='List of HBM Equipment'!A10 -> U2AD1/2T - Round Type | B2: '485376'!A1 | C2: ='List of HBM Equipment'!C10 -> 026925 | D2: ='List of HBM Equipment'!D10 -> 20kN - 2000kg | F2: Name | G2: Student Number | H2: Date Taken | I2: Date Returned
F3: JW Van Santen | G3: 18326498 | H3: 20/07/2020 | I3: RETURNED
B5: Click to return to HOME

Sheet 485377
A1: Type | B1: Asset Number | C1: Serial Number | D1: Range | F1: Booked Out
A2: ='List of HBM Equipment'!A11 -> U2AD1/2T - Round Type | B2: '485377'!A1 | C2: ='List of HBM Equipment'!C11 -> 028563 | D2: ='List of HBM Equipment'!D11 -> 20kN - 2000kg | F2: Name | G2: Student Number | H2: Date Taken | I2: Date Returned
F3: JW Van Santen | G3: 18326498 | H3: 20/07/2020 | I3: RETURNED
B5: Click to return to HOME

Sheet 408763
A1: Type | B1: Asset Number | C1: Serial Number | D1: Range | F1: Booked Out
A2: ='List of HBM Equipment'!A8 -> Round Type | B2: '408763'!A1 | C2: ='List of HBM Equipment'!C8 -> 088671 | D2: ='List of HBM Equipment'!D8 -> 500N - 50kg | F2: Name | G2: Student Number | H2: Date Taken | I2: Date Returned
F3: Gumbi | H3: 44904 | I3: RETURNED
F4: James Ralph | G4: 19904150 | H4: 45080 | I4: RETURNED
B5: Click to return to HOME

Sheet 400066
A1: Type | B1: Asset Number | C1: Serial Number | D1: Range | F1: Booked Out
A2: ='List of HBM Equipment'!A7 -> Round Type-U2A | B2: '400066'!A1 | C2: ='List of HBM Equipment'!C7 -> E99828 | D2: ='List of HBM Equipment'!D7 -> 2kN - 200kg | F2: Name | G2: Student Number | H2: Date Taken | I2: Date Returned
F3: Otto Scheffler | H3: 44322 | I3: RETURNED
F4: P Matoetoe | G4: 21172498 | H4: 44296 | I4: RETURNED
B5: Click to return to HOME | F5: Ninsel Park | G5: 76724545 | H5: 29/03/2022 | I5: RETURNED
F6: N Gumbi | G6: 2152254 | H6: 27/07/2022 | I6: RETURNED
F7: L Kordom | H7: 17/10/2022 | I7: RETURNED
F8: James Ralph | G8: 19904150 | H8: 45110 | I8: RETURNED
F9: E Morgan | G9: 23634200 | H9: 45023 | I9: RETURNED
F10: M. Nimb | G10: 24776661 | H10: 26/08/2025 | I10: RETURNED

Sheet 400067
A1: Type | B1: Asset Number | C1: Serial Number | D1: Range | F1: Booked Out
A2: ='List of HBM Equipment'!A6 -> Round Type-U2A | B2: '400067'!A1 | C2: ='List of HBM Equipment'!C6 -> F23715 | D2: ='List of HBM Equipment'!D6 -> 10kN - 1000kg | F2: Name | G2: Student Number | H2: Date Taken | I2: Date Returned
F3: Otto Scheffler | H3: 44322 | I3: RETURNED
F4: N Gumbi | G4: 2152254 | H4: 27/07/2022
B5: Click to return to HOME | F5: Nico Erasmus | G5: 21705585 | H5: 16/08/2022 | I5: 44752
F6: Nico Erasmus | G6: 21705585 | H6: 45049 | I6: RETURNED
F7: A. TURNER | G7: 25928333 | H7: 45911 | I7: RETURNED
F8: EM. LOUW | G8: 24817236 | H8: 45912 | I8: RETURNED
F9: M. Nimb | G9: 24776661 | H9: 45938 | I9: RETURNED

Sheet 400065
A1: Type | B1: Asset Number | C1: Serial Number | D1: Range | F1: Booked Out
A2: ='List of HBM Equipment'!A5 -> Round Type-U2A | B2: '400065'!A1 | C2: ='List of HBM Equipment'!C5 -> C16754 | D2: ='List of HBM Equipment'!D5 -> 10kN - 1000kg | F2: Name | G2: Student Number | H2: Date Taken | I2: Date Returned
F3: Otto Scheffler | H3: 44322 | I3: UITSTAANDE
F4: Nico Erasmus | G4: 21705585 | H4: 16/08/2022 | I4: 44752
B5: Click to return to HOME | F5: Nico Erasmus | G5: 21705585 | H5: 45049 | I5: RETURNED
F6: E Morgan | G6: 23634200 | H6: 5/092023 | I6: RETURNED
F7: J Bredell | G7: 13163094 | H7: 24/06/2024 | I7: RETURNED
F8: M. Nimb | G8: 24776661 | H8: 18/08/2025 | I8: RETURNED
F9: M. Nimb | G9: 24776661 | H9: 45756 | I9: RETURNED
F10: A. Turner | G10: 25928333 | H10: 45938 | I10: RETURNED

Sheet 400064
A1: Type | B1: Asset Number | C1: Serial Number | D1: Range | F1: Booked Out
A2: ='List of HBM Equipment'!A4 -> Round Type-U2A | B2: '400064'!A1 | C2: ='List of HBM Equipment'!C4 -> B73498 | D2: ='List of HBM Equipment'!D4 -> 10kN - 1000kg | F2: Name | G2: Student Number | H2: Date Taken | I2: Date Returned
F3: Otto Scheffler | H3: 44322 | I3: UITSTAANDE
F4: Nico Erasmus | G4: 21705585 | H4: 16/08/2022 | I4: 44752
B5: Click to return to HOME | F5: Nico Erasmus | G5: 21705585 | H5: 45049 | I5: RETURNED
F6: E Stockhalm | G6: 23648341 | H6: 18/08/2025 | I6: RETURNED

Sheet 459959
A1: Type | B1: Asset Number | C1: Serial Number | D1: Range | F1: Booked Out
A2: ='List of HBM Equipment'!A38 -> U2B 20kN | B2: '459959'!A1 | C2: ='List of HBM Equipment'!C38 -> N93342 | D2: ='List of HBM Equipment'!D38 -> 20kN | F2: Name | G2: Student Number | H2: Date Taken | I2: Date Returned
F3: JW van Santen | G3: 18326498 | H3: 43787 | I3: RETURNED
F4: R Louw | G4: 22550798 | H4: 14/09/2022 | I4: RETURNED
B5: Click to return to HOME

Sheet 459960
A1: Type | B1: Asset Number | C1: Serial Number | D1: Range | F1: Booked Out
A2: ='List of HBM Equipment'!A37 -> U2B 50kN | B2: '459960'!A1 | C2: ='List of HBM Equipment'!C37 -> N99085 | D2: ='List of HBM Equipment'!D37 -> 50kN | F2: Name | G2: Student Number | H2: Date Taken | I2: Date Returned
F3: JW van Santen | G3: 18326498 | H3: 43787 | I3: 28 /07/2020
F4: Daniel Raats | G4: 21645655 | H4: 45415 | I4: RETURNED
B5: Click to return to HOME

Sheet 459961
A1: Type | B1: Asset Number | C1: Serial Number | D1: Range | F1: Booked Out
A2: ='List of HBM Equipment'!A36 -> U2B 100kN | B2: '459961'!A1 | C2: ='List of HBM Equipment'!C36 -> N87983 | D2: ='List of HBM Equipment'!D36 -> 100kN | F2: Name | G2: Student Number | H2: Date Taken | I2: Date Returned
F3: JW van Santen | G3: 18326498 | H3: 43787 | I3: RETURNED
B5: Click to return to HOME

Sheet 459962
A1: Type | B1: Asset Number | C1: Serial Number | D1: Range | F1: Booked Out
A2: ='List of HBM Equipment'!A35 -> U2B 200kN | B2: '459962'!A1 | C2: ='List of HBM Equipment'!C35 -> N79647 | D2: ='List of HBM Equipment'!D35 -> 200kN | F2: Name | G2: Student Number | H2: Date Taken | I2: Date Returned
F3: JW van Santen | G3: 18326498 | H3: 43787 | I3: RETURNED
B5: Click to return to HOME

Sheet 466932
A1: Type | B1: Asset Number | C1: Serial Number | D1: Range | F1: Booked Out
A2: ='List of HBM Equipment'!A53 -> Absolute Pressure | B2: '466932'!A1 | C2: ='List of HBM Equipment'!C53 -> 801247177 | D2: ='List of HBM Equipment'!D53 -> 0-10 BAR | F2: Name | G2: Student Number | H2: Date Taken | I2: Date Returned
F3: Jaco Laas | G3: 24483451 | H3: 03 Junie 2021 | I3: RETURNED
B5: Click to return to HOME

Sheet 466933
A1: Type | B1: Asset Number | C1: Serial Number | D1: Range | F1: Booked Out
A2: ='List of HBM Equipment'!A54 -> Absolute Pressure | B2: '466933'!A1 | C2: ='List of HBM Equipment'!C54 -> 801222951 | D2: ='List of HBM Equipment'!D54 -> 0-10 BAR | F2: Name | G2: Student Number | H2: Date Taken | I2: Date Returned
F3: Chaz Fenner | H3: 15/02/2021 | I3: RETURNED
B5: Click to return to HOME

Sheet 466934
A1: Type | B1: Asset Number | C1: Serial Number | D1: Range | F1: Booked Out
A2: ='List of HBM Equipment'!A55 -> Absolute Pressure | B2: '466934'!A1 | C2: ='List of HBM Equipment'!C55 -> 801247177 | D2: ='List of HBM Equipment'!D55 -> 0-10 BAR | F2: Name | G2: Student Number | H2: Date Taken | I2: Date Returned
F3: S De WIT | G3: 21586144 | H3: 44206 | I3: Returned
B5: Click to return to HOME

Sheet 466935
A1: Type | B1: Asset Number | C1: Serial Number | D1: Range | F1: Booked Out
A2: ='List of HBM Equipment'!A56 -> Absolute Pressure | B2: '466935'!A1 | C2: ='List of HBM Equipment'!C56 -> 801247177 | D2: ='List of HBM Equipment'!D56 -> 0-10 BAR | F2: Name | G2: Student Number | H2: Date Taken | I2: Date Returned
B5: Click to return to HOME

Sheet 466936
A1: Type | B1: Asset Number | C1: Serial Number | D1: Range | F1: Booked Out
A2: ='List of HBM Equipment'!A57 -> Absolute Pressure | B2: '466936'!A1 | C2: ='List of HBM Equipment'!C57 -> 801245349 | D2: ='List of HBM Equipment'!D57 -> 0-10 BAR | F2: Name | G2: Student Number | H2: Date Taken | I2: Date Returned
F3: Katherine Nicholls | G3: 21694745 | H3: 44410 | I3: RETURNED
F4: D Sheni | G4: 22594671 | H4: 44630 | I4: RETURNED
B5: Click to return to HOME

Sheet 466937
A1: Type | B1: Asset Number | C1: Serial Number | D1: Range | F1: Booked Out
A2: ='List of HBM Equipment'!A58 -> Absolute Pressure | B2: '466937'!A1 | C2: ='List of HBM Equipment'!C58 -> 801245349 | D2: ='List of HBM Equipment'!D58 -> 0-10 BAR | F2: Name | G2: Student Number | H2: Date Taken | I2: Date Returned
F3: 22594671 | G3: Sheni | H3: 44630 | I3: RETURNED
B5: Click to return to HOME

Sheet 466938
A1: Type | B1: Asset Number | C1: Serial Number | D1: Range | F1: Booked Out
A2: ='List of HBM Equipment'!A59 -> Absolute Pressure | B2: '466938'!A1 | C2: ='List of HBM Equipment'!C59 -> 801245349 | D2: ='List of HBM Equipment'!D59 -> 0-10 BAR | F2: Name | G2: Student Number | H2: Date Taken | I2: Date Returned
F3: Katherine Nicholls | G3: 21694745 | H3: 28/07/2021 | I3: 29/07/2021
F4: Katherine Nicholls | G4: 21694745 | H4: 44410 | I4: RETURNED
B5: Click to return to HOME | F5: D Sheni | G5: 22594671 | H5: 44630 | I5: RETURNED

Sheet 466939
A1: Type | B1: Asset Number | C1: Serial Number | D1: Range | F1: Booked Out
A2: ='List of HBM Equipment'!A60 -> Absolute Pressure | B2: '466939'!A1 | C2: ='List of HBM Equipment'!C60 -> 801245349 | D2: ='List of HBM Equipment'!D60 -> 0-10 BAR | F2: Name | G2: Student Number | H2: Date Taken | I2: Date Returned
F3: Jaco Laas | G3: 24483451 | H3: 03 Junie 2021 | I3: RETURNED
F4: Jaco Laas | G4: 24483451 | H4: 44869 | I4: RETURNED
B5: Click to return to HOME

Sheet 487810
A1: Type | B1: Asset Number | C1: Serial Number | D1: Range | F1: Booked Out
A2: ='List of HBM Equipment'!A40 -> S9M/10kN | B2: '487810'!A1 | C2: ='List of HBM Equipment'!C40 -> 31733148 | D2: ='List of HBM Equipment'!D40 -> 10kN - 1000kg | F2: Name | G2: Student Number | H2: Date Taken | I2: Date Returned
F3: L Kordom | G3: 22793429 | I3: 26/06/2023
F4: PC Swanepoel | G4: 16622766 | H4: 45756
B5: Click to return to HOME | F5: C vd Westhuizen | G5: 24194379 | H5: 45777 | I5: RETURNED

Sheet 468620
A1: Type | B1: Asset Number | C1: Serial Number | D1: Range | F1: Booked Out
A2: ='List of HBM Equipment'!A42 -> U9C/2kN | B2: '468620'!A1 | C2: ='List of HBM Equipment'!C42 -> 211010672 | D2: ='List of HBM Equipment'!D42 -> 2kN - 200kg | F2: Name | G2: Student Number | H2: Date Taken | I2: Date Returned
F3: Cornell | H3: 43959
F4: E van der Merwe | G4: 1902243 | H4: 44175 | I4: RETURNED
B5: Click to return to HOME | F5: Josua Van Tonder | I5: RETURNED
